timestamp,px,py,pz,vx,vy,vz,qw,qx,qy,qz,bax,bay,baz,bgx,bgy,bgz
0.000000000000000000e+00,4.000000000000000000e+00,0.000000000000000000e+00,2.000000000000000000e+00,-0.000000000000000000e+00,1.256637061435917246e+00,2.500000000000000000e-01,7.071067811865474617e-01,0.000000000000000000e+00,0.000000000000000000e+00,7.071067811865474617e-01,0.000000000000000000e+00,0.000000000000000000e+00,0.000000000000000000e+00,0.000000000000000000e+00,0.000000000000000000e+00,0.000000000000000000e+00
5.000000000000000278e-02,3.999506871989232160e+00,6.282872467221194135e-02,2.012497540962393749e+00,-1.976899281021964050e-02,1.256470848034377807e+00,2.498862954352341070e-01,7.015349136775793637e-01,5.139218698692508435e-06,-8.191588477435631453e-07,7.126350853447426248e-01,0.000000000000000000e+00,0.000000000000000000e+00,0.000000000000000000e+00,0.000000000000000000e+00,0.000000000000000000e+00,0.000000000000000000e+00
1.000000000000000056e-01,3.998022221727073777e+00,1.256398566038271769e-01,2.024985081636612616e+00,-3.963236612358508187e-02,1.255907286483145757e+00,2.495556143081705536e-01,6.959227317267983048e-01,-4.933750571652839253e-06,-1.233610725108614587e-06,7.181166697968004442e-01,0.000000000000000000e+00,0.000000000000000000e+00,0.000000000000000000e+00,0.000000000000000000e+00,0.000000000000000000e+00,0.000000000000000000e+00
1.500000000000000222e-01,3.995532495570086606e+00,1.884273752487077846e-01,2.037494000979328757e+00,-5.945407193414972008e-02,1.255342571913925509e+00,2.495880916008960670e-01,6.902612699321680756e-01,-1.461386351682013729e-05,4.091021517869997180e-05,7.235602098957762962e-01,-3.246343244556709577e-04,4.338144788748949559e-04,-1.509676613926431120e-03,-6.831831848026932979e-06,-7.739564950417490360e-06,-4.234829905459686354e-05
2.000000000000000111e-01,3.991250993371048494e+00,2.511380779715771672e-01,2.050014753074877571e+00,-8.353380829712438171e-02,1.254198385530340909e+00,2.494352071139041560e-01,6.846262002675002067e-01,-6.980740094354326308e-05,6.792829251422663082e-05,7.288943383097158391e-01,-4.716174456042049237e-04,-2.630232686550052195e-03,-2.056764390853739986e-03,-6.522293992449036768e-04,-3.031831525247566058e-04,-1.316927589604729044e-03
2.500000000000000000e-01,3.986574182315968606e+00,3.138158272506992308e-01,2.062471072634404656e+00,-1.035286900427694473e-01,1.252958499639500012e+00,2.487816881330157381e-01,6.788528160988206439e-01,-7.311761706478261047e-05,9.327679431433317256e-05,7.342743629107272296e-01,-4.716174456042049237e-04,-2.630232686550052195e-03,-2.056764390853739986e-03,-6.522293992449036768e-04,-3.031831525247566058e-04,-1.316927589604729044e-03
3.000000000000000444e-01,3.980904591603663611e+00,3.764218071988091330e-01,2.074886056597982975e+00,-1.233160728919470983e-01,1.251291410849974639e+00,2.478520169598298628e-01,6.730414458638066533e-01,-7.440738914848964451e-05,1.023917325046082690e-04,7.396047566971362119e-01,-4.716174456042049237e-04,-2.630232686550052195e-03,-2.056764390853739986e-03,-6.522293992449036768e-04,-3.031831525247566058e-04,-1.316927589604729044e-03
3.500000000000000333e-01,3.973646635274493466e+00,4.392921237112234478e-01,2.087423431890309544e+00,-1.467960171483610465e-01,1.251664720195397651e+00,2.476821192094071644e-01,6.672176000183481781e-01,-3.797818747730020159e-04,5.793883084770523599e-06,7.448627591428597094e-01,-4.234024418380953440e-03,-8.043655877738201815e-03,-2.906516556270128965e-03,-4.513701011976039906e-04,2.108033616691074984e-05,-9.990708807246712671e-04
4.000000000000000222e-01,3.965802339283492461e+00,5.018276919639756972e-01,2.099782459132739199e+00,-1.670431696315263781e-01,1.249668844705045911e+00,2.466562260158099984e-01,6.613262637530035182e-01,-3.646513045571950717e-04,2.566755864073881136e-05,7.500982863872542872e-01,-4.234024418380953440e-03,-8.043655877738201815e-03,-2.906516556270128965e-03,-4.513701011976039906e-04,2.108033616691074984e-05,-9.990708807246712671e-04
4.500000000000000111e-01,3.960723801358997154e+00,5.669411567805273666e-01,2.107133856854396026e+00,-1.750241256376224575e-01,1.257308563055332229e+00,2.310415556708444451e-01,6.553363615400388253e-01,-3.652935665086483015e-04,2.554145028318459084e-04,7.553370469978983870e-01,-1.766278081228819449e-02,5.173771565968477565e-03,1.262629996391471075e-02,1.473820344723676505e-03,-1.049820605650323107e-04,-3.606440599276315674e-04
5.000000000000000000e-01,3.951486570729645820e+00,6.297660471029123963e-01,2.118632530350541554e+00,-1.944406643018455338e-01,1.255695327524439575e+00,2.288147945730125421e-01,6.493784159740989548e-01,-3.798073882368876975e-04,2.439795692874876371e-04,7.604652977534790415e-01,-1.766278081228819449e-02,5.173771565968477565e-03,1.262629996391471075e-02,1.473820344723676505e-03,-1.049820605650323107e-04,-3.606440599276315674e-04
5.500000000000000444e-01,3.941279292900169651e+00,6.925024177843007722e-01,2.130018466690605461e+00,-2.138519618213115536e-01,1.253741848367854628e+00,2.266291291940459862e-01,6.433801827109071336e-01,-3.970795400712993114e-04,2.176592349272588370e-04,7.655466905729370053e-01,-1.766278081228819449e-02,5.173771565968477565e-03,1.262629996391471075e-02,1.473820344723676505e-03,-1.049820605650323107e-04,-3.606440599276315674e-04
6.000000000000000888e-01,3.930859097674062497e+00,7.560844427677247959e-01,2.142262944419904613e+00,-2.328902340883853561e-01,1.254411904826430835e+00,2.272568749991455417e-01,6.372924863017261909e-01,-1.060227172766515895e-04,5.438240783010618584e-04,7.706218138087705949e-01,-2.116393965088126522e-02,-1.063209476139801921e-03,8.421316778249678114e-03,-1.127985991840114565e-03,3.411722219595773376e-04,1.704779104200652247e-04
6.500000000000000222e-01,3.917032026344486884e+00,8.209047093137165074e-01,2.153063236218240917e+00,-2.579198786723523318e-01,1.258797390102647462e+00,2.241256090093183273e-01,6.313415229237960835e-01,-3.850327996602439422e-04,5.409044196969534438e-04,7.755046360947263073e-01,-2.808106902363195073e-02,-4.775267783482897190e-03,8.401636354907218718e-03,-1.041238915874364733e-03,5.029502353195798494e-04,7.043094739041993796e-04
7.000000000000000666e-01,3.903096503530643524e+00,8.823313536013309699e-01,2.164025605030428512e+00,-2.800217394285817174e-01,1.252126879701368711e+00,2.237112968931032619e-01,6.252517203602698803e-01,-1.789064698277370157e-04,2.332703981463296746e-04,7.804230902298566752e-01,-2.820740220372591409e-02,-7.719510474406635243e-03,1.926231306102588192e-03,-1.112823938209434819e-03,8.080065254310011191e-04,9.413730875239462214e-04
7.500000000000000000e-01,3.886907139366824637e+00,9.472608535115862871e-01,2.174624003670165173e+00,-3.055920452544587107e-01,1.255925896114992169e+00,2.207372520128555171e-01,6.191619086737483180e-01,-3.733241364831321610e-04,2.700569142517306545e-04,7.852632160911606762e-01,-3.504639809014376689e-02,-1.125106829694031384e-02,1.016113162125610592e-03,-1.385009024057302571e-03,8.454163756839102890e-04,1.258725534065473304e-03
8.000000000000000444e-01,3.870100612496792269e+00,1.011501679178567592e+00,2.185506040134434169e+00,-3.296205974222802260e-01,1.257018915471942888e+00,2.185588846194769230e-01,6.130532575145333229e-01,-5.110002498213602742e-04,1.786135481407461368e-04,7.900413979196055925e-01,-3.958092320446662121e-02,-1.250237935080944496e-02,-2.392891102737599099e-04,-1.389114351105854780e-03,9.376779007277648769e-04,1.599973632470791428e-03
8.500000000000000888e-01,3.852986257465222053e+00,1.070713295165545587e+00,2.196340827449512645e+00,-3.510698235557718760e-01,1.245544487125670008e+00,2.155677790160765994e-01,6.069457567319456182e-01,-1.208813426492260333e-04,-1.221490460475957213e-04,7.947432408346719601e-01,-3.824816829677117613e-02,-1.597672818429684768e-02,7.174228222863996730e-04,-1.471097404647111161e-03,1.215453587195029599e-03,2.005058720162444970e-03
9.000000000000000222e-01,3.835059018379415985e+00,1.130984979068593521e+00,2.207636982220191779e+00,-3.717073728258140086e-01,1.237679987459480824e+00,2.146422063305134242e-01,6.007709410609147760e-01,1.710207320060970395e-04,-2.918522565486670185e-04,7.994211417963327238e-01,-3.997173029169335395e-02,-1.763314633551629415e-02,-1.826539325094338456e-03,-1.596087637092704053e-03,1.270282618353987336e-03,2.237657592388409260e-03
9.500000000000000666e-01,3.816345013622482352e+00,1.191836438576667767e+00,2.218108071448148255e+00,-3.902471656755564511e-01,1.231567933669863057e+00,2.118622603716640573e-01,5.946195594827984321e-01,3.115458859601355360e-04,-1.682684938325418984e-04,8.040071231682947017e-01,-3.716430287011714129e-02,-1.754067016690697908e-02,-1.944788700507810641e-03,-1.718900657023242221e-03,1.282735145131393790e-03,2.379491619502674057e-03
1.000000000000000000e+00,3.797268879507350814e+00,1.251396547391836034e+00,2.228129222787464947e+00,-4.071840282552673385e-01,1.223597417436245172e+00,2.077167504259938291e-01,5.884401254021314198e-01,4.498140411784611265e-04,1.197431641087243873e-05,8.085406708018266775e-01,-3.249585743456696874e-02,-1.731877062595231845e-02,-1.054043786370567354e-04,-1.783003068098790080e-03,1.305342807091676612e-03,2.516495604725285575e-03
1.050000000000000044e+00,3.777020000552262502e+00,1.310275692913991152e+00,2.238401266233406073e+00,-4.255869671528930143e-01,1.214925920859057706e+00,2.044883141940957716e-01,5.821273289854007604e-01,6.029939242538970680e-04,4.678577900194715028e-05,8.130974154784537111e-01,-3.106419778169645235e-02,-1.831029159600463391e-02,4.210877712432980688e-04,-1.775709351668736330e-03,1.249342043160690590e-03,2.521460547030685614e-03
1.100000000000000089e+00,3.755967578085179337e+00,1.371789088958272007e+00,2.248854587215429301e+00,-4.431089396481380227e-01,1.211166754127349199e+00,2.031466349673690663e-01,5.756493081210003471e-01,4.860979939936462945e-04,1.349598609333323629e-04,8.176965326784685351e-01,-2.906702538735298630e-02,-1.564531263277594425e-02,-2.300432257462527250e-03,-1.620502643768299096e-03,1.184325535929207441e-03,2.182214968194098707e-03
1.150000000000000133e+00,3.734151284311688190e+00,1.432435618215042616e+00,2.259393444473003498e+00,-4.606348019883268474e-01,1.206180987861202647e+00,2.011396356516084727e-01,5.691200476508527784e-01,5.077380112200228319e-04,2.228404830551551489e-04,8.222542574569754459e-01,-2.904408573909172606e-02,-1.398577026363357831e-02,-3.618409865594600285e-03,-1.685609150561040003e-03,1.063473119721354034e-03,1.875639907513284915e-03
1.200000000000000178e+00,3.712393730169383232e+00,1.490856729618167620e+00,2.269064169788234775e+00,-4.752850253617859067e-01,1.197725788844395733e+00,1.987281637809031609e-01,5.626913361976351169e-01,5.979422063020756444e-04,5.465729488888503582e-04,8.266666824611049735e-01,-2.316583933164714781e-02,-1.445633437854048839e-02,-5.148505325482189213e-03,-1.713637583783535027e-03,9.978224881469139381e-04,1.748089234010934525e-03
1.250000000000000000e+00,3.689696726653610703e+00,1.547126318989558547e+00,2.278756532715875416e+00,-4.906614774878511054e-01,1.186360517587346841e+00,1.952968523776789089e-01,5.561716809808212592e-01,9.285636299647038626e-04,7.164114774165122705e-04,8.310665952853283356e-01,-2.103476848999295476e-02,-1.786017359863540169e-02,-4.924338166301935223e-03,-1.792302074416236802e-03,1.003307305396963084e-03,1.620765684822192800e-03
1.300000000000000044e+00,3.665944724350411299e+00,1.603596475190280701e+00,2.288116417544456827e+00,-5.068604072842041175e-01,1.176133692026622990e+00,1.912131629187479864e-01,5.496983814017163406e-01,1.106018720095558114e-03,7.378706918497806525e-04,8.353621500605387107e-01,-2.010199246929767272e-02,-1.900458683860010295e-02,-4.166712902187933235e-03,-1.736119211500996131e-03,1.016238358083847767e-03,1.596367194227223943e-03
1.350000000000000089e+00,3.640151167955566258e+00,1.661662926629043913e+00,2.297855024222668519e+00,-5.249902033796066680e-01,1.168067374640106459e+00,1.879158331579671992e-01,5.431361451119672834e-01,1.179322527044822724e-03,6.642354046678158571e-04,8.396435528619371480e-01,-2.092698008403871823e-02,-1.920111188167374430e-02,-4.513669620446895785e-03,-1.645672146960254880e-03,1.017855384019101693e-03,1.589747776674273151e-03
1.400000000000000133e+00,3.613614264248778962e+00,1.718935706575957179e+00,2.307167837105354558e+00,-5.425780695585565860e-01,1.159183469798795052e+00,1.842365069731172200e-01,5.365366312027096685e-01,1.263374732754936856e-03,6.623707957040310011e-04,8.438758253006548582e-01,-2.098733034448388088e-02,-1.955765843135351748e-02,-4.657737669036498412e-03,-1.652448210828956444e-03,1.024551658072830451e-03,1.579665439458302926e-03
1.450000000000000178e+00,3.587084736974759824e+00,1.775326302835670278e+00,2.315713603998936332e+00,-5.582562927901032479e-01,1.149963006196594417e+00,1.802278010470013125e-01,5.299777614829462857e-01,1.228338395944272637e-03,7.989062886450763170e-04,8.480102742697473994e-01,-1.753535497145393071e-02,-1.892135095073247189e-02,-4.928984519186592125e-03,-1.626321645798470706e-03,9.838633637507417356e-04,1.592724506566829722e-03
1.500000000000000000e+00,3.559533614422442316e+00,1.832097015786890770e+00,2.323913827650919917e+00,-5.742730951196082234e-01,1.141915014492860481e+00,1.757965860448174322e-01,5.233936101924890893e-01,1.086546638848831124e-03,8.541200584476780003e-04,8.520899123361337368e-01,-1.468680636457300043e-02,-1.619041112219506834e-02,-4.865309131330879285e-03,-1.569486858999344456e-03,9.608480702908941311e-04,1.598513852850350862e-03
1.550000000000000044e+00,3.530615628198668254e+00,1.888498765750200148e+00,2.332646902759101248e+00,-5.915331106534067462e-01,1.133346308766235211e+00,1.717711517626920315e-01,5.167112136744257400e-01,1.006337588649109218e-03,7.224694084677816229e-04,8.561588561626362059e-01,-1.530116136763731878e-02,-1.356196996231586252e-02,-4.946130938343652750e-03,-1.474183783928188643e-03,9.396593703193945307e-04,1.541796387330735419e-03
1.600000000000000089e+00,3.501315149872138210e+00,1.944688748403447631e+00,2.340675211345021545e+00,-6.076440942325387340e-01,1.124734973575288732e+00,1.674421302601027672e-01,5.100212872348093285e-01,9.216297184779646042e-04,7.575743389685001949e-04,8.601609519427925177e-01,-1.317982125437553234e-02,-1.176659160177081359e-02,-5.121981068097089876e-03,-1.417522251966243929e-03,9.390114011896631002e-04,1.508271476530796858e-03
1.650000000000000133e+00,3.470207062448849911e+00,2.002496702497433390e+00,2.349847802718848744e+00,-6.255591653173423472e-01,1.118244931370069084e+00,1.643872846553401379e-01,5.032178777401382641e-01,8.164255161703930664e-04,5.510053380598958599e-04,8.641590116206653294e-01,-1.574986651759355261e-02,-6.947568900262164615e-03,-5.992257468038911412e-03,-1.379559561595635484e-03,9.232253030119371134e-04,1.372672833873328372e-03
1.700000000000000178e+00,3.438767602026667536e+00,2.058912428051654420e+00,2.358254655930647647e+00,-6.422538247722735516e-01,1.109745850532739331e+00,1.607119049136451205e-01,4.963580116888364757e-01,7.898847726389278011e-04,5.350225992886392364e-04,8.681173964765186435e-01,-1.556293467585972631e-02,-6.181034803227790017e-03,-6.510480682580481633e-03,-1.309624838550403278e-03,9.073122312724129666e-04,1.218738455086655886e-03
1.750000000000000000e+00,3.406724502929192155e+00,2.112459473263943899e+00,2.367407219915542704e+00,-6.591390735770082943e-01,1.097239031654321684e+00,1.572028200016692134e-01,4.894824496699535232e-01,1.211812504444876541e-03,4.370183435079006817e-04,8.720121971569680941e-01,-2.017073971867087978e-02,-1.015130519548937058e-02,-6.597480006258885955e-03,-1.311771403495255641e-03,9.681783890240276040e-04,1.079861355365286778e-03
1.800000000000000044e+00,3.374175536804362885e+00,2.165913698780323138e+00,2.374791927824760229e+00,-6.745660957581225414e-01,1.085661076186847263e+00,1.524820914957087103e-01,4.826283827974618412e-01,1.350647871363309374e-03,4.439364170665174164e-04,8.758240821015895738e-01,-1.922782869698483679e-02,-1.166172795924536043e-02,-6.589902613957393518e-03,-1.267744328204264883e-03,1.055826468173096154e-03,1.039715052523395656e-03
1.850000000000000089e+00,3.341282374537514865e+00,2.216037860952384975e+00,2.382876611689197066e+00,-6.900831584353835924e-01,1.070393917981275589e+00,1.480015445390978623e-01,4.757734373143986395e-01,1.742479230025604587e-03,4.077834313010045091e-04,8.795660485858057820e-01,-2.219865050343616461e-02,-1.735652097521889897e-02,-6.193351796364912100e-03,-1.178827246265796731e-03,1.054364332732721926e-03,1.030801040228399848e-03
1.900000000000000133e+00,3.307455415416502564e+00,2.266257652083628837e+00,2.391018320763760752e+00,-7.051166590658097810e-01,1.055394612823908451e+00,1.443661735991474682e-01,4.688332341069583742e-01,2.098066948843556236e-03,4.818367230334973041e-04,8.832840791870192332e-01,-2.383623408922476428e-02,-2.379789798831741937e-02,-6.530987623348802514e-03,-1.135024809235850307e-03,1.037729548528876439e-03,9.837060130410354725e-04
1.950000000000000178e+00,3.271680314970794257e+00,2.318856486714464094e+00,2.398170238523698927e+00,-7.213004756486999236e-01,1.044703086490612387e+00,1.394650074483104463e-01,4.619206159789672195e-01,2.121216549985477286e-03,3.845637306992116247e-04,8.869186530255729339e-01,-2.493726493883180462e-02,-2.191211050877696007e-02,-6.506480107436144432e-03,-1.164088748204131869e-03,1.057258462504002700e-03,9.882526327162769516e-04
2.000000000000000000e+00,3.235329544795991552e+00,2.369452336816197935e+00,2.405095180654284626e+00,-7.373691119784241410e-01,1.031815069480796154e+00,1.343276088638259980e-01,4.549728785592783153e-01,2.205761249699227100e-03,1.971461164002299895e-04,8.905025409992957108e-01,-2.690097547404985204e-02,-2.142782710608797520e-02,-6.211123252111153820e-03,-1.075351529893824563e-03,1.111393389891603394e-03,9.858895954081064918e-04
2.050000000000000266e+00,3.198551272294605230e+00,2.419037536562050672e+00,2.411340272158398523e+00,-7.527610703336439224e-01,1.018417139380744629e+00,1.286395765079351439e-01,4.479826131446768556e-01,2.268113818716695554e-03,1.000931286207617924e-04,8.940393861352742277e-01,-2.755924227302559981e-02,-2.114239075039257842e-02,-5.792852611705682879e-03,-1.021239029981720623e-03,1.139818675632675148e-03,9.763972924279325054e-04
2.100000000000000089e+00,3.160436202463923205e+00,2.469132542505239947e+00,2.417433547469473254e+00,-7.687211352880082282e-01,1.006440469641276314e+00,1.230111326079669637e-01,4.409869384070870812e-01,2.148975005574442834e-03,-1.432628052516883934e-04,8.975109367225215795e-01,-2.856234353493092987e-02,-1.723376066120687472e-02,-5.593269916117302350e-03,-9.357027435952249526e-04,1.160252296579921067e-03,9.828844808115809288e-04
2.149999999999999911e+00,3.120855594095709229e+00,2.520353717549664196e+00,2.423211524306918552e+00,-7.855769195241049108e-01,9.964978878220446257e-01,1.176919054113273189e-01,4.338848655237627638e-01,1.828087654732365053e-03,-3.825539675812408185e-04,9.009663896158472962e-01,-2.828325079434663644e-02,-1.091667823056609483e-02,-5.717678638201851085e-03,-8.314634874070732026e-04,1.132070470716254815e-03,9.341978500753452940e-04
2.200000000000000178e+00,3.081245029618763009e+00,2.568963963921478744e+00,2.428406128138823838e+00,-8.012847816095939324e-01,9.848941792709727805e-01,1.113759826678807491e-01,4.267824580470674367e-01,1.656138512992424289e-03,-5.646029359686761387e-04,9.043526258777897509e-01,-2.868955804325165268e-02,-5.746294200915109084e-03,-5.397690992860629776e-03,-8.069461959170796603e-04,1.112851276614612930e-03,9.043855067772493513e-04
2.250000000000000000e+00,3.040811304346537014e+00,2.617535987835188482e+00,2.432974790001535048e+00,-8.166441865730786898e-01,9.733690434132500346e-01,1.053678883906050134e-01,4.196090138980674844e-01,1.359546212780453952e-03,-6.599444433323998528e-04,9.077036915001054362e-01,-2.677427823256238806e-02,-1.284879357566575363e-03,-5.329516172252794781e-03,-7.149836738873890148e-04,1.049260055167244897e-03,8.424134605493164294e-04
2.300000000000000266e+00,3.000042598098739077e+00,2.665461910765204667e+00,2.436671337603421250e+00,-8.307457369376882728e-01,9.620321669179600077e-01,9.893131301914101505e-02,4.123864969525652402e-01,1.090944417056107689e-03,-6.203456721077452293e-04,9.110081240816231274e-01,-2.305505525218511792e-02,2.786333202320334310e-03,-5.231049533480745459e-03,-7.112917724388784484e-04,1.003199523908292591e-03,7.741570889230144949e-04
2.350000000000000089e+00,2.954984488963209088e+00,2.717251894668609946e+00,2.442978385254042983e+00,-8.505021399998080600e-01,9.553364133380584100e-01,9.408533986415142103e-02,4.051868182491470405e-01,7.076003200792570051e-04,-1.107497645661447306e-03,9.142329654239584880e-01,-2.833474679415399350e-02,1.481538777657401620e-02,-5.661791556543279563e-03,-7.404045618025714313e-04,9.516164648338794677e-04,7.128697252422984887e-04
2.400000000000000355e+00,2.911082497034879424e+00,2.766058555657368689e+00,2.447896380823842755e+00,-8.672900524345666939e-01,9.453593913138556015e-01,8.858467398526299885e-02,3.979464742825039036e-01,5.024457408728432361e-04,-1.329292923794817049e-03,9.174075343786558534e-01,-3.015262587274824060e-02,2.089414978415311125e-02,-5.820946417860820184e-03,-7.343899850659307404e-04,9.279432792207896940e-04,6.378515912904506729e-04
2.450000000000000178e+00,2.867350611946175576e+00,2.811498578889159106e+00,2.452836779974144843e+00,-8.837869806994027577e-01,9.332896909281208631e-01,8.221225775116343393e-02,3.907812771407241925e-01,4.857614595207323648e-04,-1.694156203906384880e-03,9.204818777720861211e-01,-3.596911479809523915e-02,2.794675551366588087e-02,-5.430295497874948647e-03,-8.236278926054221459e-04,9.484708193012947536e-04,5.995086713182709451e-04
2.500000000000000000e+00,2.824291892682311289e+00,2.853741591969101599e+00,2.456106017093758975e+00,-8.981279424799517574e-01,9.190209777222825283e-01,7.497158032595968580e-02,3.835981117297332932e-01,4.773892228954332772e-04,-2.000317122922694747e-03,9.234978394713875272e-01,-3.886208080259409559e-02,3.336711092969828207e-02,-4.756388728797347407e-03,-8.395166723155861278e-04,1.005424007016499565e-03,5.698272710535325558e-04
2.550000000000000266e+00,2.781774384697349500e+00,2.894886427364556702e+00,2.457697754864480721e+00,-9.095629848091691949e-01,9.030633518994256592e-01,6.774728744935726299e-02,3.762613900860433125e-01,4.358611942557728781e-04,-1.922809244903267087e-03,9.265114565725269813e-01,-3.517052182143984296e-02,3.299261151146671428e-02,-4.321418839370211838e-03,-7.756995944704842601e-04,1.024761686203313690e-03,4.898545445644793012e-04
2.600000000000000089e+00,2.739109741774180318e+00,2.934895870421710296e+00,2.457955591222736658e+00,-9.193820094120995767e-01,8.874575620095372930e-01,5.995289630672337444e-02,3.688732596621941973e-01,3.319909446999612141e-04,-1.745400736517058963e-03,9.294780049385079623e-01,-2.923167834159424994e-02,3.401708927907052399e-02,-3.872140517089857088e-03,-7.872118594930742688e-04,1.077035576080035079e-03,4.246377602873822659e-04
2.650000000000000355e+00,2.696031667827972989e+00,2.974502918405391938e+00,2.458818657586394174e+00,-9.290931854325465977e-01,8.706107964815944511e-01,5.280571781800471459e-02,3.615071091732660613e-01,3.923411641129586182e-04,-1.603820127492597584e-03,9.323678908277557298e-01,-2.526557812702209804e-02,3.202768524493153357e-02,-3.548736355004032065e-03,-7.518948383750218793e-04,1.124107093289591604e-03,3.728252375316006939e-04
2.700000000000000178e+00,2.652088154513259521e+00,3.014691643799312537e+00,2.460927783954049097e+00,-9.388332641991156136e-01,8.530564622889983406e-01,4.669067140314221709e-02,3.541308291699702959e-01,6.738854199291335022e-04,-1.365418611907207383e-03,9.351946521135824364e-01,-2.423881866440254565e-02,2.686245789782046312e-02,-3.390280993962621267e-03,-8.149063016906786311e-04,1.152030059713232473e-03,3.140612616686476065e-04
2.750000000000000000e+00,2.604853630157344835e+00,3.057540061313760216e+00,2.464812784226860565e+00,-9.520829217240235343e-01,8.374819933579761289e-01,4.204370294552860210e-02,3.467925423822887931e-01,9.778258047191785377e-04,-1.310895844399798636e-03,9.379404341197841166e-01,-2.745407843613183879e-02,2.315853449692151234e-02,-3.652957384147898900e-03,-8.681774598308770758e-04,1.157867886975087052e-03,2.851250146099328976e-04
2.800000000000000266e+00,2.555814419021804174e+00,3.101740078941843226e+00,2.469219350373917266e+00,-9.659193100445855329e-01,8.226554186512088362e-01,3.808195658667327954e-02,3.393763377203436460e-01,1.213753968721575103e-03,-1.169975662669268165e-03,9.406491691134263311e-01,-3.058126103577210250e-02,1.784247501844082179e-02,-4.165658237024747086e-03,-9.111933450326513504e-04,1.071371779748317562e-03,2.536329869250930277e-04
2.850000000000000089e+00,2.505007517941627349e+00,3.145533500449577691e+00,2.474111322038994754e+00,-9.818885405155576285e-01,8.077819658255296353e-01,3.405268448555448524e-02,3.319964857493533650e-01,1.405251771985463341e-03,-1.254852956464893275e-03,9.432787414447515451e-01,-3.633637813347892487e-02,1.503970508961659062e-02,-4.642892984894302424e-03,-9.014004656597928529e-04,9.953405818246717149e-04,2.446337690073833396e-04
2.900000000000000355e+00,2.453425792964676777e+00,3.187282080473079038e+00,2.478798675811381358e+00,-9.986591468873563526e-01,7.933505657187351900e-01,2.960852960807888387e-02,3.246604669863584758e-01,1.508058874390993042e-03,-1.486684179739459263e-03,9.458282596247485907e-01,-4.345364007077628238e-02,1.568862219692276211e-02,-5.011803973893854021e-03,-9.085301180678755214e-04,9.137826785199228922e-04,2.769318998645432404e-04
2.950000000000000178e+00,2.404711127731623765e+00,3.221853609505616500e+00,2.481377471243244148e+00,-1.012283375476791480e+00,7.760002642777155124e-01,2.349154401794644950e-02,3.173567879590540874e-01,1.606289134479342486e-03,-1.689016306739898670e-03,9.483033460847030138e-01,-4.856566822071076150e-02,1.751124234361270057e-02,-4.852975921398486846e-03,-9.361886603801351401e-04,8.760110116524327068e-04,3.219130887940851548e-04
3.000000000000000000e+00,2.355481046002712020e+00,3.254232778887100164e+00,2.483037519527448111e+00,-1.026171615476691112e+00,7.597761389834498669e-01,1.692262012886263170e-02,3.100240473061910973e-01,1.544021604301662335e-03,-1.963582007795710866e-03,9.507254337793181742e-01,-5.303307150912995455e-02,2.305842846327845266e-02,-4.741041434619282929e-03,-9.740568928069594928e-04,8.342116068361182064e-04,3.753303378543123973e-04
3.050000000000000266e+00,2.307279446207279427e+00,3.282862971846820077e+00,2.483921195005930560e+00,-1.038597892564712133e+00,7.424636873880073873e-01,1.005990847321718874e-02,3.026571939386207277e-01,1.498729291822079599e-03,-2.224373454151307248e-03,9.530957081691462385e-01,-5.739664630778647941e-02,2.881294135057476530e-02,-4.527975289952837837e-03,-1.038864580116456411e-03,7.996710046895250893e-04,4.191980223162555265e-04
3.100000000000000089e+00,2.258612094340864740e+00,3.310885596794469699e+00,2.484005200835953886e+00,-1.050864091879576190e+00,7.254012462264198824e-01,3.218177455675320844e-03,2.952644355851062885e-01,1.362733036202319874e-03,-2.458527045393886848e-03,9.554114358128898976e-01,-6.024340894613390562e-02,3.480657562717567183e-02,-4.446764019442327708e-03,-1.057170837212955501e-03,7.557297134252759013e-04,4.472137334625915679e-04
3.150000000000000355e+00,2.209753515571056148e+00,3.338595591529468276e+00,2.483367713104738694e+00,-1.061934536208793078e+00,7.085409757665892538e-01,-3.413738108911343414e-03,2.878098482751711984e-01,1.262221204299237903e-03,-2.562210737106159625e-03,9.576833156683857151e-01,-6.149171814209298398e-02,3.917260312993134375e-02,-4.401031693504052489e-03,-1.091096426739190158e-03,7.133162706351352592e-04,4.613444853125951033e-04
3.200000000000000178e+00,2.156925844214921728e+00,3.369391093848216556e+00,2.484421111173436891e+00,-1.076994160224759467e+00,6.929494478586469830e-01,-9.252057506075930457e-03,2.803782527527849400e-01,1.180825604360974607e-03,-2.859827323076623729e-03,9.598846089097740064e-01,-6.700476650750993024e-02,4.401552656517306039e-02,-4.526554210398915645e-03,-1.102761113871840839e-03,6.589843352927735173e-04,4.963388904341380211e-04
3.250000000000000000e+00,2.102428188551721089e+00,3.401592107719280556e+00,2.485820241983694334e+00,-1.091976579326290775e+00,6.760636625702166613e-01,-1.440679181336462951e-02,2.729357699692992467e-01,1.245894275662404356e-03,-3.102293854936779248e-03,9.620264492162142744e-01,-7.276758595163593246e-02,4.542137130107013615e-02,-4.742918496252052085e-03,-1.089684665477483718e-03,6.238721694089311440e-04,5.221731432587641344e-04
3.300000000000000266e+00,2.045626962674072402e+00,3.436726098189505141e+00,2.486007280563638400e+00,-1.107255304862812206e+00,6.616665345699691558e-01,-1.977684452968760109e-02,2.653344236983327109e-01,1.209268099112684527e-03,-3.314760613492122917e-03,9.641499850300332408e-01,-7.608710766281236160e-02,4.831992117176196061e-02,-5.024618606482203660e-03,-1.080299824819502905e-03,6.326330452853974606e-04,4.675248784998002811e-04
3.350000000000000089e+00,1.990911656221312054e+00,3.467326414443832494e+00,2.485100197846472181e+00,-1.120128906443423444e+00,6.457226998520572137e-01,-2.569647555282264864e-02,2.577078703615440225e-01,1.136228901736937484e-03,-3.456227545728998967e-03,9.662160302068851792e-01,-7.808891870411106828e-02,5.098856853764695274e-02,-5.121865284636989077e-03,-1.061810283844345868e-03,6.137138160554579062e-04,4.175640218566994901e-04
3.400000000000000355e+00,1.934071574144953454e+00,3.499205918748631294e+00,2.484826776080354183e+00,-1.132793977791139994e+00,6.280466995832646449e-01,-3.125297090489537882e-02,2.501890743378527571e-01,1.216127286263386483e-03,-3.501557353530805518e-03,9.681899024532800713e-01,-8.043844198302999016e-02,4.961985786968056006e-02,-5.168631635247030245e-03,-1.054180060612235114e-03,6.107658913642685129e-04,4.385950745602163565e-04
3.450000000000000178e+00,1.876748758982590637e+00,3.530399741617238796e+00,2.484351280497627990e+00,-1.144776622890334217e+00,6.093832423919625096e-01,-3.681883098474274946e-02,2.426086049159458802e-01,1.378500859620869663e-03,-3.495236332756360750e-03,9.701169763894954556e-01,-8.262542878608233887e-02,4.687690900669380656e-02,-5.167620699917697090e-03,-1.053655040676041658e-03,6.020319244688124250e-04,4.475331395839869057e-04
3.500000000000000000e+00,1.818510932400480007e+00,3.561043917917513735e+00,2.483027094763017750e+00,-1.156980469704847359e+00,5.915169842480592077e-01,-4.275266920777166801e-02,2.350282974256070745e-01,1.443909271240756582e-03,-3.541808495009555503e-03,9.719810029665300055e-01,-8.429816854773805601e-02,4.609244534134922244e-02,-5.125171667264833211e-03,-1.037330875228906863e-03,5.993740909327569411e-04,4.733998157684882408e-04
3.550000000000000266e+00,1.762808215129951339e+00,3.588880506148407257e+00,2.479055361698463411e+00,-1.165018825136596048e+00,5.743990732311047287e-01,-4.958922531409214185e-02,2.273389821783824705e-01,1.374291810751108317e-03,-3.375343702860523088e-03,9.738088650032938887e-01,-8.124540786747226628e-02,4.592390253445079867e-02,-4.931727523165829567e-03,-1.045337390931084945e-03,5.917398219036629475e-04,4.569785992817886099e-04
3.600000000000000089e+00,1.710558234625431329e+00,3.612375817908719533e+00,2.474076827890693053e+00,-1.169195949401706791e+00,5.550101220815604197e-01,-5.679768165718173528e-02,2.195968656652211581e-01,1.359034731300559021e-03,-3.142893491462156897e-03,9.755846922923254727e-01,-7.671297247034347677e-02,4.349037337933295971e-02,-4.679125876586604643e-03,-1.028677062334853402e-03,5.784305749192039355e-04,4.144928545709302705e-04
3.650000000000000355e+00,1.657632382723549958e+00,3.634735573579830348e+00,2.468915944931689754e+00,-1.174765228666138306e+00,5.369614488173318767e-01,-6.361596068653566083e-02,2.118931307693969479e-01,1.317104970529206628e-03,-3.028133840058105236e-03,9.772872642026430023e-01,-7.375379177947755105e-02,4.422416198625300082e-02,-4.534294877468228631e-03,-1.044079376590240820e-03,5.953817294810625485e-04,3.817458521756773664e-04
3.700000000000000178e+00,1.607412336562745958e+00,3.653873293862755389e+00,2.461680196984670221e+00,-1.178160645199225254e+00,5.203782504133526166e-01,-7.087972944320762581e-02,2.042129217881232528e-01,1.059610364163210547e-03,-2.889213107689204193e-03,9.789216578706655403e-01,-6.767650373246619777e-02,4.701733236525243442e-02,-4.426318886380293215e-03,-1.018662842604869815e-03,5.843828539920608136e-04,3.481059218152905785e-04
3.750000000000000000e+00,1.560917197308125726e+00,3.669369662243064045e+00,2.454338544261907895e+00,-1.175670607313098248e+00,4.989173858746273060e-01,-7.770367098250868798e-02,1.964698548482037843e-01,1.121287645758088387e-03,-2.520840243754615337e-03,9.805059837728714589e-01,-6.039198115057525795e-02,4.295694595280417222e-02,-4.244561405427854477e-03,-1.000236014430158941e-03,5.997500516784839975e-04,3.098772827592673499e-04
3.800000000000000266e+00,1.514655567267815917e+00,3.684019490667694630e+00,2.446344479994973398e+00,-1.173456561325910030e+00,4.796123906685113014e-01,-8.444292045434576011e-02,1.887499477745213372e-01,1.087469384638109970e-03,-2.168493104609805697e-03,9.820221852194115364e-01,-5.318888247313803552e-02,4.182220964250067674e-02,-4.161488304854703627e-03,-1.029237309448679258e-03,6.173111924230792599e-04,2.630997399651445879e-04
3.850000000000000089e+00,1.470137976368207644e+00,3.697932979460827330e+00,2.438382658026098770e+00,-1.169092289520338390e+00,4.592088477235046207e-01,-9.081274619165059792e-02,1.810256729122973751e-01,1.141647559437604506e-03,-1.737732966860442482e-03,9.834761729048833168e-01,-4.573663929811493112e-02,3.803740040800473315e-02,-4.090495158581364601e-03,-1.044391353804174525e-03,6.208857012989033378e-04,1.914454055416854594e-04
3.900000000000000355e+00,1.418285073533484431e+00,3.714815051820859360e+00,2.432725990565665075e+00,-1.168851863592155427e+00,4.364376916176148091e-01,-9.650713598960446171e-02,1.731577001862082410e-01,1.356195373610075529e-03,-1.484326417972950743e-03,9.848920592508686456e-01,-4.263134204447101283e-02,3.203144756455055669e-02,-3.984522017811228077e-03,-1.015822510928234826e-03,6.276936471684586025e-04,1.643347861880519454e-04
3.950000000000000178e+00,1.360552703160768484e+00,3.734787338117114608e+00,2.428405029417418870e+00,-1.172551046155229315e+00,4.134884586146107543e-01,-1.017093805109006571e-01,1.652766906665670554e-01,1.580775957291398253e-03,-1.436475594272646058e-03,9.862449255674514692e-01,-4.228502567756702718e-02,2.628721101627702617e-02,-3.926920286985556389e-03,-9.552262066143771832e-04,6.417874814797088585e-04,1.551846625114770178e-04
4.000000000000000000e+00,1.302730947249763460e+00,3.753874199047878779e+00,2.423602935888754750e+00,-1.176047295001519277e+00,3.913478995465851096e-01,-1.067385796601028614e-01,1.575197898884920789e-01,1.769245292551951433e-03,-1.381883531212915652e-03,9.875132788790671468e-01,-4.168886499978580185e-02,2.170686623788926559e-02,-3.955735245200441702e-03,-9.040514784232669401e-04,6.591543180309324384e-04,1.906961445257212705e-04
4.049999999999999822e+00,1.245278155737849168e+00,3.770755958129181629e+00,2.418637288658121776e+00,-1.178926080618506456e+00,3.687237345941938860e-01,-1.118223933721746721e-01,1.496830823237741692e-01,1.994333148922236999e-03,-1.311653785756402299e-03,9.887311449861846402e-01,-4.149923347688880965e-02,1.744935797500284103e-02,-3.964891468381699646e-03,-8.815171200045313332e-04,6.849872039178224806e-04,2.078701880683554856e-04
4.100000000000000533e+00,1.186781356211935368e+00,3.786646845651134630e+00,2.412924399695528965e+00,-1.184853453230144238e+00,3.490328187025994455e-01,-1.175018047655209674e-01,1.418778710881153093e-01,1.994410612761959509e-03,-1.370437680304458774e-03,9.898812120261583081e-01,-4.202424767346807366e-02,1.805374969103622565e-02,-3.932209451327036386e-03,-8.659927087710964999e-04,6.781340183499147368e-04,2.109742744134747753e-04
4.150000000000000355e+00,1.128441547483018503e+00,3.803157864789749709e+00,2.406397176562379059e+00,-1.189203714838670267e+00,3.298544584573187555e-01,-1.229407530767274159e-01,1.341321282234416434e-01,2.005476764284063514e-03,-1.374840803649598478e-03,9.909604735073759274e-01,-4.111401402691117202e-02,1.824677590599029647e-02,-3.941394123768257769e-03,-8.487297166555926153e-04,6.997124377841710142e-04,2.179358559130546442e-04
4.200000000000000178e+00,1.068241098151853974e+00,3.818963183942309048e+00,2.399692314807496007e+00,-1.196115105093221054e+00,3.122601531876652015e-01,-1.283699288428938878e-01,1.263546349496929566e-01,1.901775329963956195e-03,-1.484663407764730400e-03,9.919822000680706964e-01,-4.122580440999079610e-02,2.094730187908060842e-02,-3.968537553591683191e-03,-8.355887132560353529e-04,7.023588973413321399e-04,2.187460771575369201e-04
4.250000000000000000e+00,1.009407378842135383e+00,3.832021848632976457e+00,2.392339380063024379e+00,-1.202266575173888796e+00,2.947433326857320512e-01,-1.342072732314356920e-01,1.185466681007717599e-01,1.781129752157298253e-03,-1.577679209304962051e-03,9.929456309321895713e-01,-4.127037300548920540e-02,2.436146166228902316e-02,-3.940651655106198331e-03,-8.312371370547391638e-04,6.989424744438184648e-04,2.007896054533292278e-04
4.299999999999999822e+00,9.525721717666321142e-01,3.843139947930633848e+00,2.384426762741646666e+00,-1.205273837717835583e+00,2.755417587013433978e-01,-1.397637387574351686e-01,1.107004614086872785e-01,1.730546690845250705e-03,-1.669262824047956523e-03,9.938509076384036689e-01,-4.018627297238854673e-02,2.579068676212744118e-02,-3.897494810597769074e-03,-7.842994986557777146e-04,7.103708487126835641e-04,1.767549912050793545e-04
4.350000000000000533e+00,8.929745986694873627e-01,3.855303801676083442e+00,2.376474394595953665e+00,-1.210974543791387692e+00,2.583313028393321997e-01,-1.451172947616092557e-01,1.028237240670195063e-01,1.581057717596666846e-03,-1.752507344698460900e-03,9.946967933714725429e-01,-3.968449672434713055e-02,2.886434862852052877e-02,-3.937169663825874390e-03,-7.652232577152486524e-04,7.037492574079239017e-04,1.422423265522450406e-04
4.400000000000000355e+00,8.353419790774629927e-01,3.864967762522607764e+00,2.367809956644554958e+00,-1.214720030417711261e+00,2.409406589711418356e-01,-1.503248330499704355e-01,9.493014732089899432e-02,1.412287815359411199e-03,-1.785205495839437212e-03,9.954813336341855612e-01,-3.820308186776752435e-02,3.151231616396459045e-02,-3.966044151043543291e-03,-7.422742843645014710e-04,6.847123333535292148e-04,1.073419799778056651e-04
4.450000000000000178e+00,7.811202739910554360e-01,3.872064569201925543e+00,2.358379119365843213e+00,-1.214700021291133636e+00,2.225186682572874719e-01,-1.557855007137294023e-01,8.697327848910460513e-02,1.332763072999800912e-03,-1.736558041288283798e-03,9.962082397458962291e-01,-3.558653051205782486e-02,3.277003806823092918e-02,-3.953921038162865227e-03,-7.235122214001171465e-04,6.909194871393991482e-04,4.826709673710505180e-05
4.500000000000000000e+00,7.282675763621615506e-01,3.876809235310477053e+00,2.348424397474336178e+00,-1.213570058397374307e+00,2.030327183924945933e-01,-1.615983994686731873e-01,7.908290273029619510e-02,1.326521442997396572e-03,-1.745839473697785972e-03,9.968656313070202168e-01,-3.346272329896929354e-02,3.413645163226054768e-02,-3.778469157973537041e-03,-7.052083815765943517e-04,7.228340000206595790e-04,2.104384986085982572e-05
4.549999999999999822e+00,6.673518440317434131e-01,3.885675453651388889e+00,2.340254249814073706e+00,-1.217676960993047341e+00,1.829200565661819877e-01,-1.667212452156742186e-01,7.122550932940385771e-02,1.372502934876879089e-03,-1.847893015771364224e-03,9.974575822298725747e-01,-3.462521531025652272e-02,3.500356621464305318e-02,-3.684288389193291283e-03,-6.975755101485987949e-04,7.508411992268827426e-04,1.616754435333002019e-06
4.600000000000000533e+00,6.017363800666464257e-01,3.896393527708131632e+00,2.332854558285133884e+00,-1.224744223323599446e+00,1.622458087331906940e-01,-1.712023996909307344e-01,6.347894798774872394e-02,1.458064399005142312e-03,-2.056777022814659968e-03,9.979799932257438222e-01,-3.725430074325489227e-02,3.547429185233162696e-02,-3.715958036529497417e-03,-6.564822537635417628e-04,7.781784463588377245e-04,2.331286848461538685e-05
4.650000000000000355e+00,5.409039426553590157e-01,3.903106842367748630e+00,2.324274441136049418e+00,-1.227759460327424668e+00,1.417327998254781785e-01,-1.757107400491413618e-01,5.568596001809115320e-02,1.528470996928711547e-03,-2.139338981517294701e-03,9.984448712182347752e-01,-3.835382625550257801e-02,3.586641480653471326e-02,-3.698725349024084303e-03,-6.432259053795791239e-04,8.072603383123030506e-04,2.890061024820412289e-05
4.700000000000000178e+00,4.782669272040664388e-01,3.909558081009489872e+00,2.315864522271194659e+00,-1.231298248780779980e+00,1.213179413199101664e-01,-1.798857740274904804e-01,4.786652310162067131e-02,1.638866546460030328e-03,-2.196689074881126840e-03,9.988499810480616636e-01,-3.991584315482572809e-02,3.625594020298958386e-02,-3.764365802395343730e-03,-6.608401954069124343e-04,8.518361067928119194e-04,3.507028792225843771e-05
4.750000000000000000e+00,4.221650062605613041e-01,3.911968136487762759e+00,2.305770787725752502e+00,-1.229324743140068454e+00,1.015712002915136053e-01,-1.842638505817899286e-01,4.001075487628123761e-02,1.719040038676468299e-03,-2.151006185519637424e-03,9.991954551377650873e-01,-3.838197677859028767e-02,3.629845543086311632e-02,-3.822171555876420056e-03,-6.568669604741890966e-04,8.913181143136572745e-04,3.089700217363192651e-05
4.800000000000000711e+00,3.662222147813188333e-01,3.913699486988673648e+00,2.295873677040177530e+00,-1.226220407941942758e+00,8.123950327189682907e-02,-1.881200939999381760e-01,3.216834217796062101e-02,1.812946419125825151e-03,-2.060278639419244572e-03,9.994786972410821813e-01,-3.693974961241131699e-02,3.534398993054468918e-02,-3.889583511526342827e-03,-6.628624819084791156e-04,9.257160992616208801e-04,4.147829913300623916e-05
4.850000000000000533e+00,3.092815142646103688e-01,3.915049679287418538e+00,2.285381775913166269e+00,-1.225050548999806255e+00,6.315740579816260525e-02,-1.921688948212082471e-01,2.426272686983203461e-02,1.716285614563690422e-03,-1.972193118781907176e-03,9.997021981084324160e-01,-3.472803116301679399e-02,3.606563210942190928e-02,-3.945116756634352642e-03,-6.595447447213431593e-04,9.072719796452043345e-04,3.255542772626049994e-05
4.900000000000000355e+00,2.531222701722948276e-01,3.916175650539597708e+00,2.275682540630489470e+00,-1.221735115495931057e+00,4.370982111051123498e-02,-1.953972703136199474e-01,1.640848987423476277e-02,1.675231809445920129e-03,-1.813691866034410505e-03,9.998623233126883170e-01,-3.253500930634947025e-02,3.409609632843365462e-02,-4.070490423931647124e-03,-6.649817316895854750e-04,8.602028578772514568e-04,3.440279707801805040e-05
4.950000000000000178e+00,1.980648456656746437e-01,3.915528879682049990e+00,2.265443799488332743e+00,-1.217541438814876642e+00,2.380755467412804319e-02,-1.987768926322136254e-01,8.510974802335598277e-03,1.682564474597832063e-03,-1.730302890882820825e-03,9.999608684026634053e-01,-3.035431878804044359e-02,3.267229600009687734e-02,-4.150833329617489159e-03,-6.412070425673016549e-04,8.497838845968478175e-04,2.262566321431080246e-05
5.000000000000000000e+00,1.425093022459116565e-01,3.913518107747774977e+00,2.254931200560006843e+00,-1.214499285378013216e+00,4.813188620482135652e-03,-2.021078579874482362e-01,5.826243373918606628e-04,1.593670879011360383e-03,-1.637510217792299610e-03,9.999972196572836092e-01,-2.848855435443185466e-02,3.240978645659165630e-02,-4.243662674111594278e-03,-6.316083424929906480e-04,8.126884345668361790e-04,8.412832940669154127e-06
5.050000000000000711e+00,8.699755892664545742e-02,3.910080999069341257e+00,2.243968516896927223e+00,-1.212199956502521436e+00,-1.340262832212665844e-02,-2.055062778842679516e-01,-7.365339492350285802e-03,1.473606421179086750e-03,-1.600057217182494426e-03,9.999705096027480256e-01,-2.682271634229610111e-02,3.320677070154094690e-02,-4.335533151521632836e-03,-6.206370296320444860e-04,7.796060805363000303e-04,-1.812926940342680834e-05
5.100000000000000533e+00,2.920243632535026584e-02,3.906588286852735070e+00,2.233409369766532482e+00,-1.210951428273302044e+00,-3.226482154426444510e-02,-2.083676363591677183e-01,-1.534678848653638940e-02,1.375984116806517601e-03,-1.587123680583458259e-03,9.998800246976046191e-01,-2.595859295403851047e-02,3.355157115031286857e-02,-4.479312658777542984e-03,-6.057950497019006994e-04,7.384151205440684035e-04,-4.679286596830121921e-05
5.150000000000000355e+00,-2.703450497319718343e-02,3.900393896941938721e+00,2.221874274251643300e+00,-1.210668653707077658e+00,-4.946993888482158208e-02,-2.115093781930930950e-01,-2.335163591349431397e-02,1.169518878135104162e-03,-1.577116341752026352e-03,9.997253853082864739e-01,-2.496999489122707014e-02,3.622322666829402849e-02,-4.560925799368601222e-03,-6.084559002375159766e-04,7.037197335461777958e-04,-9.176735688634627178e-05
5.200000000000000178e+00,-8.527407092463584748e-02,3.894834452709353467e+00,2.210866311588705724e+00,-1.210618010591757887e+00,-6.776140057867761912e-02,-2.146059108750939526e-01,-3.132562732988183191e-02,1.019010970696395107e-03,-1.624103070237180660e-03,9.995073931583738913e-01,-2.458413488642284192e-02,3.768597295202107123e-02,-4.663481736053532063e-03,-5.854995861582234801e-04,6.665254471071668883e-04,-1.277976193209893183e-04
5.250000000000000000e+00,-1.423055045354557069e-01,3.887896898265672974e+00,2.199983908081679651e+00,-1.209268776799682810e+00,-8.626054215484910137e-02,-2.169802611966261952e-01,-3.923180447558818895e-02,9.069571674514045325e-04,-1.604313590515236542e-03,9.992284369072913508e-01,-2.415957673741372588e-02,3.847269879333206632e-02,-4.791597901727270847e-03,-5.855420554820218483e-04,6.293560054207628747e-04,-1.420467068484674276e-04
5.300000000000000711e+00,-1.994911645177727677e-01,3.881136205127450278e+00,2.189454067479200017e+00,-1.206274719821921693e+00,-1.056952429503135726e-01,-2.192004722005198580e-01,-4.713871664942104189e-02,8.960700045916911811e-04,-1.516184644558619867e-03,9.988868002107726962e-01,-2.398805123459526664e-02,3.780935931990404147e-02,-4.883575038087829140e-03,-6.083407291260893319e-04,6.069034799641376612e-04,-1.579503467540372037e-04
5.350000000000000533e+00,-2.576291834107858891e-01,3.873715824199638558e+00,2.178976471261245607e+00,-1.204006213339191333e+00,-1.254928957439507275e-01,-2.213832416905336942e-01,-5.497514630813764985e-02,8.813056995941803088e-04,-1.474774926022982130e-03,9.984862450868215999e-01,-2.421246693242039283e-02,3.722030915860363026e-02,-4.952934184471292391e-03,-6.186112901688562045e-04,5.805919164279290789e-04,-1.535691559792905388e-04
5.400000000000000355e+00,-3.161102515336783325e-01,3.864099688776932329e+00,2.167779812089759339e+00,-1.203240682891706381e+00,-1.440682628265032295e-01,-2.238838811840553056e-01,-6.288488055399216181e-02,8.375054498913028127e-04,-1.488207151166806141e-03,9.980193262767043105e-01,-2.451766678703890673e-02,3.862002418183627106e-02,-5.014299197162237764e-03,-6.283973314604465949e-04,5.814133343382005964e-04,-1.735727382412945228e-04
5.450000000000000178e+00,-3.717047167496685955e-01,3.852468862094396318e+00,2.156720326657120435e+00,-1.200134087675616357e+00,-1.624820894261842508e-01,-2.255967478287215777e-01,-7.080320481512640540e-02,7.732701058859538148e-04,-1.419832999185853843e-03,9.974889935811346309e-01,-2.414003924456833289e-02,3.924389299107739620e-02,-5.194657653199725306e-03,-6.496438447813156344e-04,5.667357525279016067e-04,-1.892925435981106469e-04
5.500000000000000000e+00,-4.263979844100677097e-01,3.840451560207289727e+00,2.144715914742770568e+00,-1.196456508406420038e+00,-1.800848980362623475e-01,-2.281505930957098416e-01,-7.871864791061906896e-02,7.000660993437830392e-04,-1.390746159107008380e-03,9.968956566279649767e-01,-2.307145540676608375e-02,4.058424063829876860e-02,-5.215122939534545636e-03,-6.599392160480827560e-04,5.649071426774216528e-04,-2.055521466551226025e-04
5.550000000000000711e+00,-4.817838774345235553e-01,3.827539895188003083e+00,2.132886986804891194e+00,-1.193472543658725904e+00,-1.978928504828084967e-01,-2.301475342899593768e-01,-8.659783796751271967e-02,6.029294593198690185e-04,-1.367505058550063431e-03,9.962422300150373111e-01,-2.250588486199498611e-02,4.183901701363822861e-02,-5.289817469257572513e-03,-6.654718641334141831e-04,5.496241424392956775e-04,-2.203328696352607795e-04
5.600000000000000533e+00,-5.343635312969323703e-01,3.813849973336291832e+00,2.120825475651689551e+00,-1.187590852809970121e+00,-2.154611064543454635e-01,-2.318249120078166858e-01,-9.449406748562519387e-02,5.789276271657155422e-04,-1.354124960777033839e-03,9.955243354124575506e-01,-2.119353637000040425e-02,4.241764049778471574e-02,-5.372768813609406398e-03,-6.504129238269235492e-04,5.547454363123774379e-04,-2.387350559806746691e-04
5.650000000000000355e+00,-5.850974625138298801e-01,3.799636704055131986e+00,2.109230279736225455e+00,-1.179633701311346483e+00,-2.334751535290053859e-01,-2.330878483791390399e-01,-1.023592234086084379e-01,5.881898760740434176e-04,-1.251623154255421689e-03,9.947465390014362807e-01,-1.996968359991389136e-02,4.180189305428982233e-02,-5.493607508407306016e-03,-6.548059636782650652e-04,5.499340204149686219e-04,-2.559582010059013001e-04
5.700000000000000178e+00,-6.343639165874490615e-01,3.785210186043929781e+00,2.096656711964209219e+00,-1.170774573394477214e+00,-2.502768706700337353e-01,-2.351102853195309039e-01,-1.101365699998812647e-01,5.924897874179557884e-04,-1.163245130750015666e-03,9.939156059572054058e-01,-1.799292211140077549e-02,4.194326470822330732e-02,-5.416277959997912485e-03,-6.599037437208079074e-04,5.600710135385917818e-04,-2.431510079860373856e-04
5.750000000000000000e+00,-6.905836760888507397e-01,3.772389783093426985e+00,2.084331578804352159e+00,-1.166268920589492941e+00,-2.685437163220853463e-01,-2.374913768316637142e-01,-1.178561005851277710e-01,6.019939758738233676e-04,-1.147829457524476588e-03,9.930298382453860428e-01,-1.803148157203011276e-02,4.230185512782415336e-02,-5.243200730380207647e-03,-6.682748730051674569e-04,5.661976625312765314e-04,-2.408909298097922363e-04
5.800000000000000711e+00,-7.452064658777037831e-01,3.758327278619996825e+00,2.071910183549812157e+00,-1.159555878159546527e+00,-2.867254179333434405e-01,-2.397382654850914729e-01,-1.256632514322522653e-01,6.960504517096262247e-04,-1.122254901718155269e-03,9.920720756563904397e-01,-1.767389612870198107e-02,4.225608214610062502e-02,-5.104936420414202605e-03,-6.738132644817416235e-04,5.932931228046701326e-04,-2.541000238918053600e-04
5.850000000000000533e+00,-7.997325708888446405e-01,3.744710233515491815e+00,2.059550487341330172e+00,-1.150949315489947944e+00,-3.048825617230206397e-01,-2.417232652850938857e-01,-1.334004498810736350e-01,8.186554086263994829e-04,-1.022780541608435010e-03,9.910613521345752464e-01,-1.713511593839020172e-02,4.125426163251008638e-02,-4.914941928563604408e-03,-6.993250215372319488e-04,6.261317907508854924e-04,-2.351145723405970070e-04
5.900000000000000355e+00,-8.523226091124780357e-01,3.729445057547582820e+00,2.047678490356876768e+00,-1.140782122998184267e+00,-3.234960303284573069e-01,-2.428172860536677025e-01,-1.411353721960540153e-01,9.771409060654438501e-04,-9.355278731101344470e-04,9.899893821139343908e-01,-1.682338070804271016e-02,3.949500138753059275e-02,-4.849831812321842364e-03,-7.131712276971507048e-04,6.482341215093700851e-04,-2.228851089730634336e-04
5.950000000000000178e+00,-9.011248103340784299e-01,3.710874545832117288e+00,2.036398645830532317e+00,-1.129678307545612714e+00,-3.414548712448144951e-01,-2.426949096772953729e-01,-1.488826838571450373e-01,1.075821828001880193e-03,-7.782645239095498319e-04,9.888539747400617586e-01,-1.663583936118276374e-02,3.777124889954468906e-02,-5.009579798501043180e-03,-7.468588315441424463e-04,6.498644398499280701e-04,-2.107834203011349375e-04
6.000000000000000000e+00,-9.533570089080665166e-01,3.691535019533880746e+00,2.024741720274913614e+00,-1.121320620889155295e+00,-3.595567677817121943e-01,-2.430522218882779362e-01,-1.566255532238123305e-01,1.174094577196995804e-03,-6.618324241048274305e-04,9.876571366405959562e-01,-1.703529773505745373e-02,3.706466584823638749e-02,-5.066930182937989281e-03,-7.854092921553720939e-04,6.562547451499408779e-04,-1.910394395791913233e-04
6.050000000000000711e+00,-1.015544850506088670e+00,3.674897718161094229e+00,2.012105887422134032e+00,-1.118938736466321027e+00,-3.775714737268172083e-01,-2.444958485153957972e-01,-1.643254571926799357e-01,1.137239496677217975e-03,-6.529725129368081898e-04,9.864053043407872146e-01,-1.777167115205229714e-02,3.783437183176872887e-02,-4.923225298560970908e-03,-8.015731771138596886e-04,6.587868394286030887e-04,-1.801834033170705157e-04
6.100000000000000533e+00,-1.074278779071082157e+00,3.656281530343887365e+00,1.999800993392745641e+00,-1.114584066142968011e+00,-3.956293801976507041e-01,-2.451702356689841322e-01,-1.719903505449296155e-01,1.096555028651234522e-03,-6.693306320621207313e-04,9.850977966085430193e-01,-1.821082592850649037e-02,3.797339657518714745e-02,-4.861620913156718300e-03,-8.007257624445353111e-04,6.431383509715473106e-04,-1.609868531967596685e-04
6.150000000000000355e+00,-1.133741757444190146e+00,3.636452890451340458e+00,1.987195880718825691e+00,-1.111289316788340198e+00,-4.134423010086816785e-01,-2.460617838507869470e-01,-1.797245581468421005e-01,1.027387794424924330e-03,-6.867368201212935416e-04,9.837161969113764615e-01,-1.858165357878938106e-02,3.882086436146807429e-02,-4.777461315481353922e-03,-8.026692652324900461e-04,6.294150530598482127e-04,-1.620775891792637809e-04
6.200000000000000178e+00,-1.189443647680404448e+00,3.614507663973729912e+00,1.974620038988618376e+00,-1.106282131898561394e+00,-4.302169096123724668e-01,-2.464122093806802305e-01,-1.874579947192514251e-01,9.736745506018574040e-04,-6.779689531446440875e-04,9.822719035642856200e-01,-1.848252118651137060e-02,3.969997442718303099e-02,-4.761923733675042097e-03,-8.053025385284091854e-04,6.217975334705591736e-04,-1.601755561791338392e-04
6.250000000000000000e+00,-1.245525390654382392e+00,3.592322640935430300e+00,1.962092371183131734e+00,-1.101093622985319875e+00,-4.471099680014776201e-01,-2.467487357503059808e-01,-1.951888660887434179e-01,9.046418380872172206e-04,-6.737679692300980105e-04,9.807650249753295801e-01,-1.850577024347178912e-02,4.026076378065998607e-02,-4.708956651334363433e-03,-8.052524767149363055e-04,6.055067243220762889e-04,-1.673279369187268657e-04
6.300000000000000711e+00,-1.297003016416883092e+00,3.568124576513865609e+00,1.950073959480334462e+00,-1.093467754449495288e+00,-4.635586219447226375e-01,-2.462136395239503950e-01,-2.028933978469162069e-01,8.622596320194827416e-04,-6.161074727554344786e-04,9.792002583894889867e-01,-1.828660700377225320e-02,4.037485741920220084e-02,-4.778189010662670794e-03,-8.155623851379106403e-04,5.911164120531773149e-04,-1.722080433738528782e-04
6.350000000000000533e+00,-1.350767603522266880e+00,3.545194657154854934e+00,1.937878398522793644e+00,-1.085305371945915809e+00,-4.801225714358832164e-01,-2.461395017437028876e-01,-2.105537336909453494e-01,8.653447815414967628e-04,-5.601888093910199025e-04,9.775817421554625630e-01,-1.798591080202282394e-02,3.999793511392794876e-02,-4.737692747679707155e-03,-8.213933253890231406e-04,5.849555941925869106e-04,-1.654323914068979386e-04
6.400000000000000355e+00,-1.403284010591563380e+00,3.521093351280331962e+00,1.925266200592632204e+00,-1.076647355434087849e+00,-4.963372000050234045e-01,-2.460707379641188242e-01,-2.182139152428925477e-01,8.749880839962426247e-04,-5.773809472145199862e-04,9.759003987197989449e-01,-1.722199199371211159e-02,4.006898001341825666e-02,-4.674857488728381694e-03,-7.995824566950702865e-04,5.908480057976511421e-04,-1.507676644490303576e-04
6.450000000000000178e+00,-1.452052507865971398e+00,3.495215465859533577e+00,1.913169920116344569e+00,-1.066567953386817091e+00,-5.117029711380328694e-01,-2.451662419158172068e-01,-2.258953283810218315e-01,8.885675780181676638e-04,-5.059488033007338622e-04,9.741510432572035860e-01,-1.648578859878295846e-02,3.995145687721615019e-02,-4.718022603388829887e-03,-8.032706411554875600e-04,5.941825062764135440e-04,-1.513401082143009618e-04
6.500000000000000000e+00,-1.499569130854719656e+00,3.467333740935982345e+00,1.901156063228199411e+00,-1.056605909179820335e+00,-5.271762390400094311e-01,-2.437365229065552585e-01,-2.335431765078271327e-01,9.104931079620820489e-04,-5.112300551958719576e-04,9.723458717723673095e-01,-1.599076711608738571e-02,4.023754414675852209e-02,-4.851535071563018234e-03,-7.907165477037379504e-04,6.016423105735933157e-04,-1.494284198232687935e-04
6.550000000000000711e+00,-1.549221157299760510e+00,3.439887685333133494e+00,1.889216377155259030e+00,-1.046920599262700202e+00,-5.429744924533256301e-01,-2.425140052212198805e-01,-2.411978663910374909e-01,8.838660426007796450e-04,-4.997396250037784617e-04,9.704754289983530402e-01,-1.564098703214221800e-02,4.014244414452158849e-02,-4.903095671596564495e-03,-7.824835819379381005e-04,5.949783837612419900e-04,-1.509822235741860189e-04
6.600000000000000533e+00,-1.595154511565563871e+00,3.409644296457584822e+00,1.877778810091509598e+00,-1.036700526500865083e+00,-5.584392501787915908e-01,-2.405506489235404999e-01,-2.488235508783951111e-01,8.763002651854195175e-04,-4.558152114565777648e-04,9.685483286127776204e-01,-1.555493729143733392e-02,4.034623933761751630e-02,-5.076706500289118566e-03,-7.866979634200512491e-04,5.877192624365173979e-04,-1.547724366653123495e-04
6.650000000000000355e+00,-1.646035771723974417e+00,3.379877043948309900e+00,1.865989521542197105e+00,-1.028368930835799278e+00,-5.749514194589423477e-01,-2.389590095700276640e-01,-2.564089127531222201e-01,8.664723396369628352e-04,-4.722726775177524933e-04,9.665678950001207470e-01,-1.596495490551581159e-02,4.065086679769205208e-02,-5.130793723039869109e-03,-7.912288900532488166e-04,5.830022231045660711e-04,-1.523632173011809331e-04
6.700000000000000178e+00,-1.694523923797355947e+00,3.346873457248157990e+00,1.854048863167120365e+00,-1.021818707657418335e+00,-5.907255352097623424e-01,-2.372383368845845386e-01,-2.640052954030273069e-01,7.790198925819743049e-04,-4.767568105418295101e-04,9.645207980287987537e-01,-1.625795941616917095e-02,4.220256324523240926e-02,-5.237175600229509488e-03,-7.948123607932681923e-04,5.726512883981240429e-04,-1.549396795106198251e-04
6.750000000000000000e+00,-1.740985730307627044e+00,3.312373242315736821e+00,1.842382781044868745e+00,-1.015209131139627630e+00,-6.060672809544515038e-01,-2.351685333907489739e-01,-2.716441044417384765e-01,6.543335085071135850e-04,-4.838011040671984469e-04,9.623974326161709447e-01,-1.654666084257241238e-02,4.377257792748839860e-02,-5.363880202334865566e-03,-8.029502661188907871e-04,5.451553177578576451e-04,-1.747262126952133236e-04
6.800000000000000711e+00,-1.790685378255101989e+00,3.280172186483521379e+00,1.830459918481375459e+00,-1.007682889668508386e+00,-6.212525566399712540e-01,-2.334848364117392272e-01,-2.792823802605036709e-01,5.676671904406707181e-04,-4.629478199171119723e-04,9.602087353848143270e-01,-1.652117091732248355e-02,4.463634307192474587e-02,-5.349921235506740515e-03,-8.147562504064947237e-04,5.272152550199853127e-04,-2.009906626973722232e-04
6.850000000000000533e+00,-1.838564115331439597e+00,3.247504696336912300e+00,1.818763263664434859e+00,-9.984479270778423565e-01,-6.365020814117503534e-01,-2.315007286459775104e-01,-2.869344639753917403e-01,5.326895725570801252e-04,-5.022048570713752609e-04,9.579499347122768516e-01,-1.634989536449769909e-02,4.508807430048979853e-02,-5.368163047384910680e-03,-7.932771758751321674e-04,5.177583689169600219e-04,-2.354543220790770715e-04
6.900000000000000355e+00,-1.885502623619860429e+00,3.214176711792577024e+00,1.807400915274717690e+00,-9.884345997915424675e-01,-6.521221881910957974e-01,-2.292195519157486927e-01,-2.944500868788956782e-01,4.948524074794288319e-04,-5.538218164319973344e-04,9.556665709019549482e-01,-1.623397837650309566e-02,4.523564748584958661e-02,-5.393492810249620600e-03,-7.719442715059173519e-04,5.016904315135536788e-04,-2.378889046869751107e-04
6.950000000000000178e+00,-1.930577868419385945e+00,3.181842906901066304e+00,1.796281957493206738e+00,-9.764777184778514751e-01,-6.657825369754110101e-01,-2.268249779464820426e-01,-3.020092218964396391e-01,4.779613825266695198e-04,-4.800169767612146011e-04,9.533047629305783088e-01,-1.549078704823339016e-02,4.492900861877834745e-02,-5.380550971234732832e-03,-7.786022494420174805e-04,4.913890316563814626e-04,-2.510951766968010242e-04
7.000000000000000000e+00,-1.982153432658864345e+00,3.151051279012379691e+00,1.784852440828509579e+00,-9.649966697365776058e-01,-6.811240477757521949e-01,-2.250110961490842665e-01,-3.095009774512594847e-01,5.026080989496136764e-04,-4.708304916865935024e-04,9.508988750968537795e-01,-1.538242859666194041e-02,4.392223259559852044e-02,-5.244766347961223735e-03,-7.702157938658055420e-04,4.815903334753436410e-04,-2.596541281322489020e-04
7.050000000000000711e+00,-2.035057379757061469e+00,3.119613295066784975e+00,1.773001844137876093e+00,-9.545984822622621824e-01,-6.961095430340304979e-01,-2.234611424682202141e-01,-3.169528418400316960e-01,5.426932734460367721e-04,-3.947875635691821660e-04,9.484410607287721007e-01,-1.535006930144117328e-02,4.342075024541870026e-02,-5.057474302505043755e-03,-7.866962079085938015e-04,4.921135541221221795e-04,-2.565218018773010567e-04
7.100000000000000533e+00,-2.082878235124928867e+00,3.087546895980457062e+00,1.761921852607902794e+00,-9.414453671680761415e-01,-7.097340100694088383e-01,-2.211987404408777003e-01,-3.244041627680181450e-01,6.149343534016722158e-04,-2.747572222901994163e-04,9.459183292139925481e-01,-1.492285907345747287e-02,4.247027559495026444e-02,-4.951198261847792985e-03,-8.023701235034982849e-04,5.040491696488770979e-04,-2.565054734605196215e-04
7.150000000000000355e+00,-2.134356332895065655e+00,3.054654428622699314e+00,1.750844366281311570e+00,-9.290832359132654705e-01,-7.245981034112605190e-01,-2.191534271475606144e-01,-3.318793345547548790e-01,6.732762867903973074e-04,-1.804538033557012591e-04,9.433215896135102030e-01,-1.515952063472166510e-02,4.130775328696534993e-02,-4.809410926064537628e-03,-8.181484692381828022e-04,5.081797223343145287e-04,-2.667993724114190498e-04
7.200000000000000178e+00,-2.179436773504814351e+00,3.018341338986457956e+00,1.740479369870041371e+00,-9.162962550881950108e-01,-7.390752886266679367e-01,-2.161836215575914100e-01,-3.392923814043901642e-01,7.032291193130940036e-04,-1.586958075097594559e-04,9.406806898227390024e-01,-1.538922952639429180e-02,4.060988946632242830e-02,-4.804829438766654998e-03,-8.227110733494199125e-04,5.000160238154620178e-04,-2.640258829837792811e-04
7.250000000000000000e+00,-2.216699716860389024e+00,2.978750744537714823e+00,1.731043066484100112e+00,-9.019045962866137911e-01,-7.525382137091898294e-01,-2.121187894349139957e-01,-3.466655285728014735e-01,7.572339625641741519e-04,-1.285747479536864055e-04,9.379884974585775970e-01,-1.557937444747525130e-02,4.040302205626773030e-02,-4.966947128705425860e-03,-8.247115887880122681e-04,5.040647311586179480e-04,-2.565576366912998107e-04
7.300000000000000711e+00,-2.256072795051418112e+00,2.938368746107734797e+00,1.721133014410623829e+00,-8.890417733418068957e-01,-7.661774276835836561e-01,-2.084912624422372573e-01,-3.540009119675825433e-01,7.817312855212373230e-04,-1.198935398542697798e-04,9.352447427533908675e-01,-1.581054503874977299e-02,4.064667809371049628e-02,-5.064517678067443490e-03,-8.265600067752862249e-04,5.061802415303271602e-04,-2.479714304280397153e-04
7.350000000000000533e+00,-2.275423469420272404e+00,2.891033274985307600e+00,1.713938607641666945e+00,-8.739481724364359660e-01,-7.772686350781495834e-01,-2.022427053320789148e-01,-3.613556814167148690e-01,6.979605342788511605e-04,-1.139294895182263960e-04,9.324277834658434294e-01,-1.569061695505243742e-02,4.191222008349954065e-02,-5.577413039493662496e-03,-8.266422987658398041e-04,4.747999334407364139e-04,-2.517244358728991794e-04
7.400000000000000355e+00,-2.298169729248936033e+00,2.843862354838640361e+00,1.706706952725343784e+00,-8.593578530836060159e-01,-7.889939540281791786e-01,-1.964445100485335827e-01,-3.687241359573177890e-01,5.986377455187548652e-04,-1.036417914137394261e-04,9.295386718441348561e-01,-1.591518058596405952e-02,4.284696881763839366e-02,-5.988527074865288014e-03,-8.379182548121931516e-04,4.364161175732722618e-04,-2.610785534034657223e-04
7.450000000000000178e+00,-2.332101875289320336e+00,2.799218420855047462e+00,1.697694369530282188e+00,-8.481024164354927786e-01,-8.018505138959252099e-01,-1.919180180407625003e-01,-3.760705173596298190e-01,5.116684694661794265e-04,-1.059898642764206452e-04,9.265908983658248665e-01,-1.615627364805706859e-02,4.409099782221111152e-02,-6.149924051787411354e-03,-8.459626499243554521e-04,4.205912763424995548e-04,-2.763074365335579409e-04
7.500000000000000000e+00,-2.347551351891071558e+00,2.753151488254353740e+00,1.691291277707735130e+00,-8.310770751178625515e-01,-8.105115927903059347e-01,-1.853891141076675075e-01,-3.833477885123416362e-01,4.639917670282366850e-04,-4.709261204511421808e-05,9.236039495025034629e-01,-1.544642680812865002e-02,4.506827602984667808e-02,-6.585039769783139138e-03,-8.562613450248961113e-04,4.005316598337811240e-04,-2.774189070408860638e-04
7.550000000000000711e+00,-2.369625515300367358e+00,2.710143434598620615e+00,1.684213579765894586e+00,-8.152137867185441644e-01,-8.193223682383126150e-01,-1.797609900798518567e-01,-3.906120044251560341e-01,3.761315871868847619e-04,-1.849189310540566675e-05,9.205553324934035997e-01,-1.435267845925210228e-02,4.555049385529166134e-02,-6.835080300364411617e-03,-8.526473303647339385e-04,3.684588900649400471e-04,-2.795288082742386341e-04
7.600000000000000533e+00,-2.390220677227588908e+00,2.666205286481474701e+00,1.677853153519537566e+00,-7.998008916388704703e-01,-8.280096557704976767e-01,-1.737710816569606187e-01,-3.978767993237655176e-01,2.231914177503509385e-04,3.598295409174665665e-05,9.174388270891384867e-01,-1.349311898971348317e-02,4.601375366054708677e-02,-7.114029149623844576e-03,-8.652194486185457115e-04,3.228446230866750030e-04,-2.933800477580882689e-04
7.650000000000000355e+00,-2.408895813818922260e+00,2.623040846900513312e+00,1.672255144447164277e+00,-7.819981175988789390e-01,-8.357016801424240748e-01,-1.676402790658839681e-01,-4.051759485289735396e-01,1.571179248825697210e-04,1.636059794620916901e-04,9.142386992906654797e-01,-1.249026551125679597e-02,4.590121194306519270e-02,-7.404293505543787547e-03,-8.836360432185287259e-04,2.918688448945219987e-04,-3.098627587212722198e-04
7.700000000000000178e+00,-2.425932500922156176e+00,2.581035582334458844e+00,1.667407894718276884e+00,-7.622388600938684311e-01,-8.419837015239426403e-01,-1.611656448904974781e-01,-4.124781925014558426e-01,6.652571957484891584e-05,3.247525129336283349e-04,9.109674147964162971e-01,-1.126835291613838448e-02,4.506990992489356973e-02,-7.673707276602762493e-03,-9.073331474694952417e-04,2.470618368474322506e-04,-3.212777937895604165e-04
7.750000000000000000e+00,-2.440106775320946664e+00,2.536342528139163832e+00,1.663077213932404597e+00,-7.432354183451874707e-01,-8.486468616312748958e-01,-1.543771185639570553e-01,-4.197592016074782051e-01,-2.160064655355772896e-05,4.423292321719698409e-04,9.076353984635653349e-01,-1.040269105889752264e-02,4.478995024942305364e-02,-7.997367327834733336e-03,-9.269718458951954274e-04,2.032158833642056482e-04,-3.304383740816028352e-04
7.800000000000000711e+00,-2.457242005572288335e+00,2.492302042464317857e+00,1.658571657752359263e+00,-7.249363665005931212e-01,-8.551853891384136874e-01,-1.479154011811847635e-01,-4.269833029305872274e-01,-9.605851041415573222e-05,5.962838468680302069e-04,9.042593069672122397e-01,-9.602286860833251711e-03,4.445176601948831047e-02,-8.245557699687071015e-03,-9.559587995074959313e-04,1.743916826836686878e-04,-3.326010830349178859e-04
7.850000000000000533e+00,-2.494915313604521234e+00,2.449905971574826147e+00,1.651693829002376601e+00,-7.121096496134996512e-01,-8.667055088226306436e-01,-1.432067747914301803e-01,-4.340764965279743093e-01,-1.992123437245313573e-04,6.327569969405737660e-04,9.008757711777048982e-01,-9.748635009734926693e-03,4.377863070458124645e-02,-8.200604350087205979e-03,-9.659870721600158838e-04,1.322190697247991112e-04,-3.344107410273523730e-04
7.900000000000000355e+00,-2.537181552586166511e+00,2.407177384560848399e+00,1.644230232081110632e+00,-7.012896924336515792e-01,-8.793672814871734689e-01,-1.387661200985641496e-01,-4.411337195223387075e-01,-3.260256117689639072e-04,6.814120360557481774e-04,8.974410681963046477e-01,-1.021307995064953122e-02,4.335711395059534817e-02,-8.108230677653727528e-03,-9.862163316346286585e-04,9.948143266792422576e-05,-3.486560111499000447e-04
7.950000000000000178e+00,-2.586684139431307372e+00,2.364677215596710180e+00,1.635990723140649639e+00,-6.903547680332858816e-01,-8.929915465713647027e-01,-1.350054934842558063e-01,-4.481837655763756811e-01,-3.966857070355187019e-04,6.724252995048408911e-04,8.939411069854918956e-01,-1.079410645475693646e-02,4.236526039042162045e-02,-7.895578893767865591e-03,-9.896073899697795453e-04,7.252140202937615841e-05,-3.557459217781911874e-04
8.000000000000000000e+00,-2.637069725760821548e+00,2.322064098927774545e+00,1.627621764787641867e+00,-6.777394161382908067e-01,-9.062445469257273123e-01,-1.312721348021586021e-01,-4.552183901993108184e-01,-3.701797808101385447e-04,6.806894775533032724e-04,8.903794791284853627e-01,-1.130574555075872754e-02,4.106091230705084111e-02,-7.653599185733660736e-03,-9.805108702005101498e-04,6.920381739702121142e-05,-3.591936612965578794e-04
8.050000000000000711e+00,-2.681188694650130433e+00,2.278006775947323259e+00,1.620237035661588720e+00,-6.630655411228933982e-01,-9.184315185731534159e-01,-1.270767829045533759e-01,-4.622575205941519827e-01,-3.026562135449074485e-04,7.069277483944337625e-04,8.867453937329036195e-01,-1.186326584403039376e-02,3.971046423293254218e-02,-7.491434942500892376e-03,-9.821429479528599564e-04,6.805650887093673532e-05,-3.577383710312134800e-04
8.099999999999999645e+00,-2.716874878473372501e+00,2.235023761566040434e+00,1.614078111634456469e+00,-6.458312506124233021e-01,-9.279266907137092568e-01,-1.220937724511764744e-01,-4.692125274768341181e-01,-2.371017915682698668e-04,7.313842691673922217e-04,8.830849409420321594e-01,-1.181094094217502444e-02,3.825438353338365960e-02,-7.409622898365040601e-03,-9.761000537169516045e-04,6.459184791654385468e-05,-3.416306689190551772e-04
8.150000000000000355e+00,-2.759150931695186770e+00,2.191256418345380652e+00,1.607170012748676546e+00,-6.295822778572454093e-01,-9.393248553384783150e-01,-1.177554451688660325e-01,-4.760996374283563148e-01,-1.897121583470455747e-04,7.038003017122133496e-04,8.793910415253386459e-01,-1.204574756968760860e-02,3.663285731132100154e-02,-7.230185171757303776e-03,-9.591722801165462756e-04,5.477116093957093651e-05,-3.189628520056133590e-04
8.200000000000001066e+00,-2.798459476265884316e+00,2.145301729515908029e+00,1.600497544948098483e+00,-6.138877657679402411e-01,-9.508100847376392828e-01,-1.133353483813927531e-01,-4.829544115888502187e-01,-1.382296416744794416e-04,6.241442493681318088e-04,8.756452635990156219e-01,-1.241671064294552936e-02,3.550161141502942985e-02,-7.090094825647215437e-03,-9.363549628542037302e-04,4.513658970176390406e-05,-3.015064611851248620e-04
8.250000000000000000e+00,-2.834340657492980142e+00,2.099803533154160906e+00,1.594472108967247115e+00,-5.978377025533180289e-01,-9.610830421765103049e-01,-1.085327041646910046e-01,-4.897856004972346855e-01,-1.503730379923116402e-04,6.131618539356943794e-04,8.718426847580091898e-01,-1.244716611516379599e-02,3.440442912590160884e-02,-6.971744510654728777e-03,-9.244691831710508383e-04,2.663822056429081503e-05,-2.904326551645058994e-04
8.300000000000000711e+00,-2.877654995285866768e+00,2.052958107733429127e+00,1.587538588947127405e+00,-5.832711022072356588e-01,-9.730684487734635457e-01,-1.041624809642477251e-01,-4.965791131412547466e-01,-1.653309799498680959e-04,6.092900173253007695e-04,8.679912360290206186e-01,-1.288694252907215086e-02,3.320424652781243241e-02,-6.750618477624418211e-03,-9.226059611268283599e-04,1.287645464550208639e-05,-2.753425173315852113e-04
8.349999999999999645e+00,-2.939898183320546199e+00,2.003649534724299297e+00,1.578245543983441745e+00,-5.726383409355872978e-01,-9.892526167920678848e-01,-1.013235130690920138e-01,-5.034018380712046437e-01,-2.143093285355881768e-04,5.829198683060315619e-04,8.640521996398548010e-01,-1.405388032633907852e-02,3.162648412982253104e-02,-6.305412376240881155e-03,-9.277371414560771964e-04,-4.747944410323409726e-06,-2.746192921287860401e-04
8.400000000000000355e+00,-2.994930255697749288e+00,1.953365159964183917e+00,1.569895366815606819e+00,-5.608531948329491534e-01,-1.003971308643639260e+00,-9.795520552848875628e-02,-5.102124323452498222e-01,-2.553877184009464645e-04,5.922708153685078388e-04,8.600481718326818958e-01,-1.507234109446061419e-02,3.034506497608230324e-02,-5.945760692026009001e-03,-9.386426403981749760e-04,-1.580317581745069395e-05,-2.815632016635121436e-04
8.450000000000001066e+00,-3.059898904828044497e+00,1.902991609583565724e+00,1.560154238995151266e+00,-5.489743444941429518e-01,-1.020597220498161928e+00,-9.549666161806764919e-02,-5.169661825105832387e-01,-2.306051391839025679e-04,5.988657749239540730e-04,8.560055807770693415e-01,-1.648372610469550636e-02,2.849024292327281827e-02,-5.446114205487597587e-03,-9.479678383626964026e-04,-1.018906475040552615e-05,-2.875519857651260875e-04
8.500000000000000000e+00,-3.103481233505983372e+00,1.851130265291784927e+00,1.553242271197653235e+00,-5.363321330710082435e-01,-1.032540722142568423e+00,-9.108312485575231765e-02,-5.237184544865060021e-01,-2.592807865786820958e-04,6.481585787430631544e-04,8.518911274888335550e-01,-1.705569112153989750e-02,2.795333799634285715e-02,-5.223919557625998807e-03,-9.657108473041683917e-04,-1.078948022355726439e-05,-3.010263232254129884e-04
8.550000000000000711e+00,-3.162446392012844942e+00,1.798129909663174653e+00,1.544264145679326905e+00,-5.243964207265873201e-01,-1.047385894411435148e+00,-8.809850184422879371e-02,-5.305058263258558560e-01,-2.482734034758287832e-04,6.446543663551996877e-04,8.476810078180270214e-01,-1.807853167214794679e-02,2.658158897985933924e-02,-4.798972750292586180e-03,-9.717210307978350285e-04,-5.273091105989103867e-06,-3.221044746322710719e-04
8.599999999999999645e+00,-3.226666076926686166e+00,1.743352275197673995e+00,1.534444823089142762e+00,-5.132102655506518563e-01,-1.063566711856818836e+00,-8.544969060927980198e-02,-5.372153809811370806e-01,-2.106720042070245585e-04,6.442634238054737415e-04,8.434448262804384866e-01,-1.931533216434531963e-02,2.518897697899158752e-02,-4.313291831605188704e-03,-9.748728465144385156e-04,8.237120211885478954e-06,-3.392453000438610221e-04
8.650000000000000355e+00,-3.276737164107551337e+00,1.692072015014423281e+00,1.526739455141350010e+00,-4.984297986352110854e-01,-1.074846735250746255e+00,-8.190187105020502178e-02,-5.438539143710965362e-01,-1.556430323867939443e-04,7.388097978947781282e-04,8.391795694358656910e-01,-1.976515691812186920e-02,2.371069733996145762e-02,-3.958600784985654222e-03,-9.877551517428427835e-04,2.475005479451764949e-05,-3.468431549165961521e-04
8.700000000000001066e+00,-3.323070182718240062e+00,1.641073427599029966e+00,1.519554625508144019e+00,-4.822683428784023119e-01,-1.084334147244842894e+00,-7.807540062236985323e-02,-5.504831674351283732e-01,-9.083341576089882868e-05,8.632486202278656477e-04,8.348458114656256424e-01,-2.002370638945962650e-02,2.215309549859548199e-02,-3.619800436272900025e-03,-1.005573184750456310e-03,4.348777454986279758e-05,-3.541144400795282030e-04
8.750000000000000000e+00,-3.360952235905885210e+00,1.588127337365938363e+00,1.513769286236083422e+00,-4.658191727317549935e-01,-1.093459929681270593e+00,-7.341225354055339047e-02,-5.569961708901337571e-01,-6.598339967700398486e-05,9.397775537483327082e-04,8.305145261090074449e-01,-2.044359006725760680e-02,2.108224692252491650e-02,-3.401794012517959410e-03,-1.023092676149225770e-03,5.153586379120569125e-05,-3.500824358056417234e-04
8.800000000000000711e+00,-3.394409301010093305e+00,1.533604229431991373e+00,1.508618340364030974e+00,-4.491446717321811999e-01,-1.102569315731735555e+00,-6.845968014491583820e-02,-5.634463661989461691e-01,-3.214429812459400414e-05,9.185205650082141869e-04,8.261521335104804464e-01,-2.080625470643369251e-02,2.028456342902191720e-02,-3.241382329915117912e-03,-1.013299646341406235e-03,4.732631199755015102e-05,-3.414844297681579903e-04
8.849999999999999645e+00,-3.424730237923343967e+00,1.479005916894872597e+00,1.504112238481940089e+00,-4.315001721456178108e-01,-1.111182037300789016e+00,-6.324747873661941411e-02,-5.698594787621333868e-01,7.226648938016082450e-06,8.889596536113626626e-04,8.217416772705758987e-01,-2.121405916566539498e-02,1.943050270925098660e-02,-3.109823820309322480e-03,-1.002436336450732938e-03,4.080442945178438001e-05,-3.369469040867865777e-04
8.900000000000000355e+00,-3.449403536173541340e+00,1.421446556999991451e+00,1.500614826956485626e+00,-4.152930820214060792e-01,-1.119838132560702748e+00,-5.730358856609493734e-02,-5.762833533326791047e-01,-2.313442293069192503e-05,8.858314423888565686e-04,8.172494793140565594e-01,-2.165581084534621073e-02,1.933687438109449666e-02,-3.066808865281644807e-03,-1.005289745348257862e-03,2.820705223096242365e-05,-3.362887524884300905e-04
8.950000000000001066e+00,-3.481755775412402443e+00,1.362943391851122454e+00,1.496161288346554041e+00,-3.997334960117673863e-01,-1.129235254491312679e+00,-5.215209767006245140e-02,-5.827806525068890409e-01,-4.378119360778011691e-05,9.068157326065722466e-04,8.126289970411336716e-01,-2.215389210609491552e-02,1.889089753390092372e-02,-2.917646299423906110e-03,-1.011241039648309772e-03,2.191496049634851688e-05,-3.579717368327352939e-04
9.000000000000000000e+00,-3.512078134666280604e+00,1.303166212839341087e+00,1.491995528120736658e+00,-3.843852614109243837e-01,-1.138549579842481396e+00,-4.702757875252416842e-02,-5.892306675334495480e-01,-5.793047729207094048e-05,8.657448699606254535e-04,8.079643974631341985e-01,-2.256573177963730123e-02,1.869811099797435289e-02,-2.791583051522413764e-03,-1.005578273964863410e-03,1.888384301549828515e-05,-3.785981004189908406e-04
9.050000000000000711e+00,-3.547319612686502754e+00,1.239985675259465570e+00,1.487383910784365382e+00,-3.697469422897602942e-01,-1.150179592542563078e+00,-4.201082591320087767e-02,-5.956180854319247375e-01,-1.045066511343602618e-04,8.456763560419102137e-04,8.032673093163129607e-01,-2.352973496100322845e-02,1.841303160721921225e-02,-2.624277659993917971e-03,-1.011017147912940698e-03,1.558728410379127898e-05,-3.909501208368245306e-04
9.099999999999999645e+00,-3.573787812698437705e+00,1.180070266621082498e+00,1.484195120863221140e+00,-3.535809503691039746e-01,-1.158051044665593166e+00,-3.640667826440528027e-02,-6.019617029942525566e-01,-1.302336734198546273e-04,8.957903175024647903e-04,7.985244446647558059e-01,-2.402674136431966548e-02,1.815400272916844679e-02,-2.530528299678196091e-03,-1.026602849289916762e-03,1.788691339828795511e-05,-4.057580871224755617e-04
9.150000000000000355e+00,-3.595344088119363679e+00,1.122642753436519980e+00,1.482028170071630235e+00,-3.354063403475877059e-01,-1.163964198639415804e+00,-3.045401114600326462e-02,-6.082437301147005648e-01,-1.154888789764852141e-04,9.394942757344904982e-04,7.937497519930195589e-01,-2.429901257114783220e-02,1.753917636388821477e-02,-2.463684935286832196e-03,-1.034737532295286607e-03,1.601462845558167567e-05,-4.130787201109583219e-04
9.200000000000001066e+00,-3.637626925731571870e+00,1.080113166307412831e+00,1.477660465241709575e+00,-3.030430004133164990e-01,-1.164594766892123712e+00,-2.639154967798153922e-02,-6.138483567177549505e-01,3.911205051640698725e-04,1.222161497978854153e-03,7.894229210638206151e-01,-2.542222447741863608e-02,1.201729349357536641e-02,-2.055043775224920603e-03,-1.059167407732990998e-03,8.186659989283044366e-05,-2.652361849840113644e-04
9.250000000000000000e+00,-3.651985517867371467e+00,1.036241998475546433e+00,1.476161003328410048e+00,-2.753090440806237327e-01,-1.160484973748631576e+00,-2.121676358306123431e-02,-6.198050056521506868e-01,6.741190008914143715e-04,1.426628635043357841e-03,7.847542706241540378e-01,-2.488126282100546968e-02,9.491235870835650762e-03,-1.841469559085444048e-03,-1.069555157336844753e-03,1.195559083241287516e-04,-1.869417098039441211e-04
9.300000000000000711e+00,-3.660666540532351299e+00,9.843227616088255916e-01,1.475496462903073791e+00,-2.528241578605679440e-01,-1.160143183400873745e+00,-1.547443602170000057e-02,-6.258217766014642081e-01,7.455845030852353448e-04,1.514763788392025625e-03,7.799642642620244759e-01,-2.449760309001526234e-02,8.690838198026420991e-03,-1.752173713542973287e-03,-1.077626966323582064e-03,1.280955755042903271e-04,-1.323414330634573673e-04
9.349999999999999645e+00,-3.681938742732264735e+00,9.213081017543579554e-01,1.473686680116444103e+00,-2.365667908757068394e-01,-1.168179181047418247e+00,-9.778353741556085679e-03,-6.318402833750733638e-01,6.595626593356853718e-04,1.478970276111459675e-03,7.750969190549836796e-01,-2.513963716434717069e-02,8.614450582621934263e-03,-1.676911441850833379e-03,-1.083238942252286651e-03,1.100604507978073947e-04,-1.194924865804110006e-04
9.400000000000000355e+00,-3.699034236683451660e+00,8.590233490268046612e-01,1.472761956577395503e+00,-2.185552357049765637e-01,-1.174352506429082954e+00,-3.699067765430892173e-03,-6.378570450742946374e-01,6.148193626688479253e-04,1.447486799994011789e-03,7.701531775096461807e-01,-2.568439204996648614e-02,8.348335145127123991e-03,-1.627856900516675342e-03,-1.086361687407812193e-03,9.334990447017269813e-05,-1.048456156479639812e-04
9.450000000000001066e+00,-3.714117578747920589e+00,7.989763206856775879e-01,1.472025985933359982e+00,-1.993949658885903753e-01,-1.178123059177655696e+00,2.231124556004054557e-03,-6.438628258583877217e-01,6.648199605312850227e-04,1.432369232802098089e-03,7.651393126813264001e-01,-2.587020523798661334e-02,7.973130722857468475e-03,-1.572502314940283849e-03,-1.076104636615589491e-03,9.393068816694908826e-05,-8.837947871679998116e-05
9.500000000000000000e+00,-3.742525006563459211e+00,7.319645983502477415e-01,1.469370674886703032e+00,-1.819933367739398344e-01,-1.186856139317904901e+00,7.234505947987469356e-03,-6.498354549061290397e-01,7.170437269273331055e-04,1.390881773781824267e-03,7.600733075454823018e-01,-2.680624536888164683e-02,7.449545184815014980e-03,-1.400025163214393660e-03,-1.069816682309532568e-03,1.023651566449109774e-04,-8.219049299418294981e-05
9.550000000000000711e+00,-3.771083664071736230e+00,6.651561122497972045e-01,1.466820653089335513e+00,-1.643922297623262585e-01,-1.195148474913097392e+00,1.204331609680985363e-02,-6.557868356631603168e-01,7.427472282039518110e-04,1.395055009409609239e-03,7.549444537970823044e-01,-2.765351585866448331e-02,6.785625482473013788e-03,-1.200203115284452070e-03,-1.072172611273619104e-03,1.110959002535183448e-04,-7.994922018583914202e-05
9.600000000000001421e+00,-3.801004224785660135e+00,5.948065596771031638e-01,1.463953883709312898e+00,-1.471942654929474237e-01,-1.204312913407290742e+00,1.661663916083023704e-02,-6.617091453800898471e-01,8.123004416481030294e-04,1.378774957205355705e-03,7.497589253006334831e-01,-2.863114600213943067e-02,6.353351133954359894e-03,-9.921038358056632166e-04,-1.068922222070796142e-03,1.312795955847818928e-04,-7.260358623815634958e-05
9.650000000000000355e+00,-3.821339530541160823e+00,5.283293845423490120e-01,1.462558954682718459e+00,-1.298598759723164908e-01,-1.209895859953849850e+00,2.168369154631511961e-02,-6.676106995443596981e-01,8.462965663094055820e-04,1.411768143880745520e-03,7.445087269782139083e-01,-2.906273108045313511e-02,6.243374291082783197e-03,-8.541900833905688700e-04,-1.074133840467349698e-03,1.513228664066856117e-04,-6.956630290321811022e-05
9.700000000000001066e+00,-3.855642713693970158e+00,4.532312126729249324e-01,1.459043282149343534e+00,-1.134829313761021446e-01,-1.220357083907346762e+00,2.546685565265602649e-02,-6.735019375683137799e-01,8.779567713474812707e-04,1.487915125812912416e-03,7.391834382561700556e-01,-3.039613598863752375e-02,5.849547417083964668e-03,-5.791448337541531440e-04,-1.094651767770560974e-03,1.817053363515043160e-04,-7.445169315572024962e-05
9.750000000000000000e+00,-3.882555746775876226e+00,3.795814103217577395e-01,1.456574816280238993e+00,-9.703115499231014518e-02,-1.229007143065728780e+00,2.965074263257435130e-02,-6.793477859157013299e-01,8.993221775485377547e-04,1.555016162024450924e-03,7.338142536880781774e-01,-3.143188181037281925e-02,5.753509917240920771e-03,-3.556583646314310761e-04,-1.111492175578810120e-03,2.114984949734660907e-04,-7.881580887096654119e-05
9.800000000000000711e+00,-3.903205000855638929e+00,3.083608429547776142e-01,1.455218010987130217e+00,-8.029116957101502250e-02,-1.235464726769606614e+00,3.409520603214385992e-02,-6.851526944719020795e-01,9.075243725148341312e-04,1.676488802626301209e-03,7.283969735265932721e-01,-3.221936514400842999e-02,5.797765798642403809e-03,-1.793318828576150525e-04,-1.138205350040932427e-03,2.430149680726660308e-04,-8.635195875322767471e-05
9.850000000000001421e+00,-3.932327448743366816e+00,2.329041973613846794e-01,1.452526498277076916e+00,-6.246381930344270528e-02,-1.244088912650178624e+00,3.789070750109380797e-02,-6.908717753187622046e-01,1.023075859681128828e-03,1.762175152139541789e-03,7.229744380836851114e-01,-3.362220468142864543e-02,5.351828495365915268e-03,8.263703669825867796e-05,-1.153777015747458603e-03,2.879482247653792704e-04,-8.993040844405695211e-05
9.900000000000000355e+00,-3.948293477341329627e+00,1.599774166932544373e-01,1.451995496745307923e+00,-4.469886921200653951e-02,-1.250493457703091726e+00,4.261851216587034252e-02,-6.965520000815775825e-01,1.070528280034592798e-03,1.792616935619363583e-03,7.175032764218416403e-01,-3.459789550262530600e-02,5.503189000557696595e-03,2.099850568215009714e-04,-1.161562202165221510e-03,3.154551983336943786e-04,-9.612855965726422886e-05
9.950000000000001066e+00,-3.939510087181430364e+00,9.477605505129797769e-02,1.455842611780904461e+00,-2.712429536805829877e-02,-1.251496536742302101e+00,4.956621657825607125e-02,-7.022344460751724915e-01,9.787286017559650424e-04,1.757077319811293885e-03,7.119429313611532750e-01,-3.451810655327754856e-02,6.537101069569136932e-03,7.844680650179357219e-05,-1.160800153986924800e-03,3.036823935424934036e-04,-9.873912387734030201e-05
1.000000000000000000e+01,-3.929477456536808688e+00,3.591900051099691793e-02,1.460190822603625760e+00,-9.080411608616344860e-03,-1.248993875375917773e+00,5.637959927689510653e-02,7.078456003920380324e-01,-8.971413258887972388e-04,-1.753332270749380188e-03,-7.063644434490067292e-01,-3.396393374872150317e-02,7.091824058148968324e-03,-1.779648289863156746e-05,-1.159657179751370608e-03,2.880024451577191565e-04,-1.001242679217557774e-04
1.005000000000000071e+01,-3.914142326964875629e+00,-1.878820393861419663e-02,1.465446090445396532e+00,9.965607789503460462e-03,-1.244272884912094979e+00,6.356815714756738900e-02,7.134013655152181554e-01,-8.776440240792072849e-04,-1.735720556201870860e-03,-7.007529583927133432e-01,-3.318566066530559411e-02,7.649431186957714873e-03,-1.548829883901900180e-04,-1.147167806797510462e-03,2.758564253641902645e-04,-1.038796203841851987e-04
1.010000000000000142e+01,-3.899474215023541745e+00,-7.369447157339172050e-02,1.471073285078006609e+00,2.821945729983013629e-02,-1.239369960005257232e+00,7.062062701300388101e-02,7.189081129977533680e-01,-7.575159759199395337e-04,-1.810702682698137360e-03,-6.951023468463838340e-01,-3.266175215334331250e-02,8.091085930798519454e-03,-2.732165014364822423e-04,-1.169210820376911106e-03,2.599953424066339777e-04,-1.059235802580034527e-04
1.015000000000000036e+01,-3.883842179356749025e+00,-1.275048714093577340e-01,1.476789479996161392e+00,4.603899723385486420e-02,-1.233636200860290799e+00,7.754191121590012226e-02,7.243684103044765177e-01,-7.123866388864268009e-04,-1.902430929737247787e-03,-6.894100952370801894e-01,-3.196092555344023228e-02,8.711523839682305120e-03,-3.906187672020667071e-04,-1.182575193643971680e-03,2.609987308005139867e-04,-1.065548760770235990e-04
1.020000000000000107e+01,-3.867172841751973955e+00,-1.766533460386106036e-01,1.482749386088470178e+00,6.481063564337667671e-02,-1.224972433512514947e+00,8.426558134836231728e-02,7.298098992281528696e-01,-7.287533514820888295e-04,-1.991497663586920715e-03,-6.836468487780822390e-01,-3.089103409240322867e-02,9.036050444094629458e-03,-4.778022945108132422e-04,-1.179839085024694551e-03,2.669871325437754312e-04,-1.111248199701289478e-04
1.025000000000000000e+01,-3.854862036040281215e+00,-2.269139482692903165e-01,1.488438596011506743e+00,8.462950078614944749e-02,-1.216303552830545032e+00,9.057271955205996317e-02,7.351936553171225519e-01,-7.608010319773452195e-04,-2.089426326209949808e-03,-6.778534831811851014e-01,-3.016670408993532906e-02,8.806470211060129713e-03,-5.160232551179753588e-04,-1.183225094157547850e-03,2.680390211339027601e-04,-1.092487960856229818e-04
1.030000000000000071e+01,-3.841862359376324587e+00,-2.784091062767061753e-01,1.494400477229913538e+00,1.044903154109604743e-01,-1.207934206691471779e+00,9.677672889854548044e-02,7.405700889942692378e-01,-8.190596803336545580e-04,-2.154096960918116654e-03,-6.719751723795627241e-01,-2.956442012380480072e-02,8.598426799696102032e-03,-5.584097845011803257e-04,-1.181873623426127513e-03,2.702266007314509501e-04,-1.064702564272159839e-04
1.035000000000000142e+01,-3.836716812138441846e+00,-3.382139524019884824e-01,1.499222079351663517e+00,1.235573848972248562e-01,-1.204272250074974293e+00,1.023802468466544491e-01,7.458352369158870454e-01,-8.288439846920932783e-04,-2.207586311118013393e-03,-6.661262935472149760e-01,-2.959025156163157255e-02,8.417703192942001256e-03,-5.362398952958524149e-04,-1.186765486751573508e-03,2.736916899970630724e-04,-9.888620817160850634e-05
1.040000000000000036e+01,-3.834057454517911356e+00,-4.030583173107522565e-01,1.503672000031900380e+00,1.419554469226868565e-01,-1.203842643255370826e+00,1.075066769859152477e-01,7.510617709581571821e-01,-8.521065344879040666e-04,-2.196293007071577034e-03,-6.602277382969286013e-01,-2.989911327600602506e-02,8.431781601259128595e-03,-4.962891009023541987e-04,-1.184122726343051152e-03,2.774923758659358745e-04,-1.007949526582851551e-04
1.045000000000000107e+01,-3.827182452931154444e+00,-4.662112870386893593e-01,1.508844845669791823e+00,1.601293779041023935e-01,-1.202399897335799661e+00,1.128898509244211229e-01,7.562316094940279010e-01,-8.793397039227536689e-04,-2.159669719498142400e-03,-6.542998665676615921e-01,-3.011084364225468171e-02,8.621659520418231346e-03,-4.917080193083096058e-04,-1.174531807218689387e-03,2.824499312037385143e-04,-1.037245034851377488e-04
1.050000000000000000e+01,-3.824602742045762227e+00,-5.334771497730099732e-01,1.513598742320888313e+00,1.795076418175724775e-01,-1.202021990615117053e+00,1.180714635643657084e-01,7.613252862103118135e-01,-9.216764062199703841e-04,-2.158561570419428085e-03,-6.483658687048045044e-01,-3.075787673042899850e-02,8.483157468219121311e-03,-4.534497583951374632e-04,-1.172429197423931809e-03,2.902945096709494562e-04,-9.463372608772268875e-05
1.055000000000000071e+01,-3.821317824340416447e+00,-6.022522157301163359e-01,1.518491163259778620e+00,1.985707046839071399e-01,-1.202057816829018355e+00,1.230343525420815737e-01,7.663572369532360984e-01,-9.788236732042321364e-04,-2.183710962543406690e-03,-6.424101950312202103e-01,-3.151425608225198738e-02,8.518403151774342139e-03,-4.196972209284035183e-04,-1.177876230551051133e-03,3.097318978306515063e-04,-8.118067037847753438e-05
1.060000000000000142e+01,-3.809573947182202325e+00,-6.665368287391810753e-01,1.524808630747128690e+00,2.170348149161369367e-01,-1.199989099265101666e+00,1.284890628973464621e-01,7.713556119542333001e-01,-9.868267582039047178e-04,-2.248496027354862734e-03,-6.363996310065511697e-01,-3.197937970868620222e-02,8.973370571358670056e-03,-4.620293157537653421e-04,-1.189245448766254858e-03,3.275920374296448093e-04,-7.312023547793098223e-05
1.065000000000000036e+01,-3.797998532378151992e+00,-7.280300552428130567e-01,1.531265034510089107e+00,2.362153921580453786e-01,-1.195798852871026163e+00,1.337989883776434241e-01,7.763233710685091271e-01,-1.039929320278023053e-03,-2.273894249938699774e-03,-6.303298909973844566e-01,-3.228517443921700980e-02,9.017753482790899153e-03,-4.735711413064718910e-04,-1.190733568689559879e-03,3.372135077395200229e-04,-7.154609245255741910e-05
1.070000000000000107e+01,-3.781987431203635008e+00,-7.823766078050213846e-01,1.538684075908189453e+00,2.539839258709151171e-01,-1.188711666350633633e+00,1.391797322852421359e-01,7.812312097508548048e-01,-1.015851597179173423e-03,-2.284777528145033338e-03,-6.242367697824242612e-01,-3.196730523671926366e-02,9.051054046748883627e-03,-4.950528398742295739e-04,-1.193188704548421531e-03,3.332067839269481574e-04,-7.019952525890365636e-05
1.075000000000000000e+01,-3.765395468314711280e+00,-8.056732697113140329e-01,1.547090968279799084e+00,2.701877679412055255e-01,-1.165853616037209051e+00,1.437994141973173712e-01,7.861303126882124293e-01,-1.022907400248462178e-03,-2.530487250652295027e-03,-6.180547562857664490e-01,-2.937405250517828581e-02,7.463724839433985569e-03,-3.666970601444769938e-04,-1.200701259993974031e-03,3.236455069778567859e-04,-7.837927669361290312e-05
1.080000000000000071e+01,-3.747526827616376011e+00,-8.224679945806248060e-01,1.555576318907945454e+00,2.844841945705661734e-01,-1.141010768155081179e+00,1.479037492952849087e-01,7.909343421269762198e-01,-1.027805270895848196e-03,-2.773396168121376650e-03,-6.118938783271058446e-01,-2.635057134733689160e-02,5.942841196619521801e-03,-1.830315239244184741e-04,-1.204668481087974030e-03,3.117550735105409018e-04,-9.026198965549739914e-05
1.085000000000000142e+01,-3.733510272825045107e+00,-8.424747018195396508e-01,1.563168252655025459e+00,2.980599104158194179e-01,-1.119455510320314096e+00,1.513985398337243937e-01,7.955010469976141474e-01,-1.086389386023950106e-03,-2.992886369969842680e-03,-6.059438477408428669e-01,-2.377413106468817192e-02,4.686848869579526844e-03,3.353003228442517306e-05,-1.198643208027876930e-03,3.143045950491212557e-04,-9.037147059473657918e-05
1.090000000000000036e+01,-3.720228859781253394e+00,-8.593877003299464912e-01,1.570690287959709774e+00,3.110754422344435000e-01,-1.097709078083335399e+00,1.545537956688657899e-01,7.999390926473853858e-01,-1.122596447121671512e-03,-3.225864627223791730e-03,-6.000714804330410379e-01,-2.133550160336072227e-02,3.378055644906291597e-03,2.764915736854932815e-04,-1.202946071647292359e-03,3.160736220178350740e-04,-9.440936438616725980e-05
1.095000000000000107e+01,-3.701232550566509794e+00,-8.739312917964257021e-01,1.578956897455662700e+00,3.222192839462869607e-01,-1.077878011871056696e+00,1.582376061905530762e-01,8.041883657249043749e-01,-1.107897691521216857e-03,-3.386678324043662300e-03,-5.943638409302353098e-01,-1.894334782485511404e-02,2.791925183442966335e-03,4.393222894330019992e-04,-1.200293092698106849e-03,3.100940704949216027e-04,-9.796726308948812130e-05
1.100000000000000000e+01,-3.677063202855801016e+00,-8.903699244382736744e-01,1.588058116163502342e+00,3.339991848677125730e-01,-1.058523501637069320e+00,1.623368888155088119e-01,8.084171871177584512e-01,-1.089605387209382830e-03,-3.502350540134595031e-03,-5.885985031185565486e-01,-1.689821418164031558e-02,2.551625601299151169e-03,5.192093514868309284e-04,-1.198587996738526007e-03,3.000086282272782954e-04,-8.856394893314710633e-05
1.105000000000000071e+01,-3.655348349544750963e+00,-9.235888594582092326e-01,1.596976102088608629e+00,3.482683730414594114e-01,-1.043715599201374022e+00,1.665855730374818933e-01,8.128075718932659122e-01,-1.074956702832490299e-03,-3.556325909791616547e-03,-5.825204271843895665e-01,-1.586819173024104843e-02,2.384123373458974394e-03,5.671763678564257323e-04,-1.197802743406441639e-03,2.897160967102598386e-04,-7.781175596032411507e-05
1.110000000000000142e+01,-3.634910202963269832e+00,-9.639168477425889003e-01,1.605764782187798945e+00,3.624930684589395824e-01,-1.033342085023806201e+00,1.705633786792437323e-01,8.171065707428266656e-01,-1.024621935865887472e-03,-3.601581657751375034e-03,-5.764744840913161861e-01,-1.539713563028149296e-02,2.535935906997314939e-03,5.954092700383602482e-04,-1.204019368104420175e-03,2.836024459029785351e-04,-6.818715759837775097e-05
1.115000000000000036e+01,-3.614081496745867650e+00,-1.007909286408612548e+00,1.614607434138155106e+00,3.771659688592335358e-01,-1.023507651752608494e+00,1.743723732393603065e-01,8.214422347424001902e-01,-9.973728214737608185e-04,-3.630205369510548091e-03,-5.702793016039084950e-01,-1.516986732250684249e-02,2.715404378324011263e-03,6.128468337041310205e-04,-1.206880891725844876e-03,2.815565661168299813e-04,-6.357206129422851625e-05
1.120000000000000107e+01,-3.597495695936959059e+00,-1.063778096071499757e+00,1.622863784097890782e+00,3.932805586083974458e-01,-1.017723760253396392e+00,1.779107239474993774e-01,8.257888432236544229e-01,-1.000566355901915186e-03,-3.635148908932252319e-03,-5.639668172567566806e-01,-1.561368110592644895e-02,2.859231922866010880e-03,6.497259328128743381e-04,-1.212165905816941060e-03,2.861825732986278143e-04,-5.818487197655949070e-05
1.125000000000000000e+01,-3.580990196515995372e+00,-1.121156915492905526e+00,1.631055836787453472e+00,4.085272790401623944e-01,-1.012663051526372149e+00,1.813208309264329743e-01,8.301250104151253195e-01,-9.603954481465213668e-04,-3.646004119122775878e-03,-5.575645714873161962e-01,-1.595510757115121275e-02,3.078030175885097114e-03,7.084575530936458717e-04,-1.219689670835001193e-03,2.911587922342354822e-04,-5.916364691756350680e-05
1.130000000000000071e+01,-3.563224544947174888e+00,-1.174736271177268199e+00,1.639345342129757022e+00,4.232867886010012737e-01,-1.005290570274416151e+00,1.842431832216947507e-01,8.344741160663681212e-01,-9.297119842212800541e-04,-3.654948519721064673e-03,-5.510342336027754806e-01,-1.588379584203922223e-02,3.190559451044561005e-03,7.824381895412805578e-04,-1.219060586568362133e-03,2.937415573907861200e-04,-7.013260022830768853e-05
1.135000000000000142e+01,-3.543724955400508581e+00,-1.225201141599836285e+00,1.647947241364395410e+00,4.379297803008580514e-01,-9.957520541790727542e-01,1.874321028616041385e-01,8.388105825920034730e-01,-9.272950309249372710e-04,-3.703337979296041516e-03,-5.444099851613675156e-01,-1.575303394064192508e-02,3.233467129944515069e-03,8.347762985500454353e-04,-1.223716049302379580e-03,3.000670241601591692e-04,-8.541257460430661495e-05
1.140000000000000036e+01,-3.520625878193946345e+00,-1.270431262922574023e+00,1.657489200221160086e+00,4.528137354635878298e-01,-9.840576516761786463e-01,1.910935325025829579e-01,8.430626695513422364e-01,-9.436805034391126815e-04,-3.698390286055540550e-03,-5.378017911697243747e-01,-1.545340162801275320e-02,3.216838915061891787e-03,8.237035472923446471e-04,-1.216111620205112933e-03,2.957671601336985673e-04,-9.635278662383462095e-05
1.145000000000000107e+01,-3.498846781272785922e+00,-1.316259556594843616e+00,1.667040218432697785e+00,4.676680099914061195e-01,-9.723064757781796352e-01,1.945675365609317586e-01,8.472350327126983993e-01,-9.464648992856521809e-04,-3.720990155836271379e-03,-5.312043465379094886e-01,-1.526188496054312581e-02,3.007797005866140461e-03,8.371166972736997702e-04,-1.216948687722198882e-03,2.923282682398308571e-04,-9.370534113355608020e-05
1.150000000000000000e+01,-3.477264301754135367e+00,-1.360955141845309191e+00,1.676712877225124743e+00,4.834514949914908155e-01,-9.590908921411591681e-01,1.977399555590020064e-01,8.513504701173630895e-01,-9.849960867960301340e-04,-3.740353067707467751e-03,-5.245830883402387013e-01,-1.522352238592586393e-02,2.549292767660810231e-03,8.619170161760353593e-04,-1.216322317899377978e-03,2.895934219982897640e-04,-8.419033240604163520e-05
1.155000000000000071e+01,-3.453649623871685392e+00,-1.404394712620783636e+00,1.686789951273685029e+00,4.994739035892025170e-01,-9.450014132919437593e-01,2.008032131198663195e-01,8.553906323235875853e-01,-1.030748151265333326e-03,-3.736308777582701603e-03,-5.179689601588306491e-01,-1.522060899682278062e-02,2.085100455849337765e-03,8.793172809456664815e-04,-1.215292251389854658e-03,2.824832458310187755e-04,-6.131965566066336292e-05
1.160000000000000142e+01,-3.431481906549549432e+00,-1.452123180551063708e+00,1.696642683776172777e+00,5.159736451226049070e-01,-9.324304351050147766e-01,2.033516639660416236e-01,8.593855785909501055e-01,-1.049828428699965113e-03,-3.755728420332917188e-03,-5.113132304900791514e-01,-1.546264773624549463e-02,1.569930704617766674e-03,9.305503491925614084e-04,-1.217070237554934709e-03,2.774344602430388980e-04,-3.831254690260439574e-05
1.165000000000000036e+01,-3.407947680578196525e+00,-1.503991632546497703e+00,1.706548180607248888e+00,5.329694711553079056e-01,-9.219129061795692248e-01,2.057321744303084177e-01,8.633410532022760542e-01,-1.101225286227210500e-03,-3.728767228182114715e-03,-5.046058951829750505e-01,-1.589909226639555848e-02,1.282099652569853275e-03,9.788483297762291552e-04,-1.213463713696630569e-03,2.748990061748825438e-04,-1.808999995456295849e-05
1.170000000000000107e+01,-3.383241570096611639e+00,-1.559938974412273138e+00,1.716367494787235604e+00,5.498852782622251079e-01,-9.134045899256593160e-01,2.077455090332544219e-01,8.672813142172746126e-01,-1.123686156513537199e-03,-3.702767858791051764e-03,-4.978033234613470914e-01,-1.642192717526570062e-02,1.287821067932685927e-03,1.032429916510318882e-03,-1.209773904315939548e-03,2.781765970606754645e-04,-9.705985242756443143e-06
1.175000000000000000e+01,-3.356224581677865970e+00,-1.617642578275404031e+00,1.726346408222130702e+00,5.663940302086554190e-01,-9.061431095977061645e-01,2.096408348889650108e-01,8.711630354124664244e-01,-1.151615380345072642e-03,-3.661247519763930099e-03,-4.909788536989679320e-01,-1.696970270789377455e-02,1.586986187291297354e-03,1.061591757287798192e-03,-1.204767053179119779e-03,2.872800127813288388e-04,-1.235510255331918227e-06
1.180000000000000071e+01,-3.324352470201999310e+00,-1.683669674299001162e+00,1.736788366265178851e+00,5.836474827529729570e-01,-9.027352666814582038e-01,2.118954318302868900e-01,8.750459234432407252e-01,-1.187719074148179624e-03,-3.553182808380660369e-03,-4.840254085073396606e-01,-1.779925576736504297e-02,2.507360787908412703e-03,1.027497320496991405e-03,-1.188224241882524955e-03,2.971276726102728741e-04,-1.683967642256610782e-07
1.185000000000000142e+01,-3.290640026130301710e+00,-1.751713474787073732e+00,1.747489267179292094e+00,6.008383198350905063e-01,-8.999921103362447106e-01,2.138324593832072462e-01,8.789067130477172807e-01,-1.155226493602680513e-03,-3.421818750552217681e-03,-4.769800272211031089e-01,-1.867494893341995268e-02,3.467094506899610386e-03,1.006112670873924534e-03,-1.180013417491870657e-03,2.975042558360277401e-04,-7.743196812050994469e-06
1.190000000000000036e+01,-3.254796225600932402e+00,-1.814451932367747933e+00,1.758461456924199418e+00,6.172238821164230949e-01,-8.954539133319503463e-01,2.158929008021183704e-01,8.826871022643475451e-01,-1.132242786985923578e-03,-3.303577329993812907e-03,-4.699481715032684526e-01,-1.931076117988430110e-02,4.431491355783831292e-03,9.742343723683443129e-04,-1.172084899274437137e-03,2.986906699929847047e-04,-9.687084359133448858e-06
1.195000000000000107e+01,-3.217345224403822090e+00,-1.877007940833529620e+00,1.769439258154614114e+00,6.330319301691664791e-01,-8.904700575121616835e-01,2.175195984916360736e-01,8.864673380466219221e-01,-1.093022481082264220e-03,-3.227853387803033755e-03,-4.627786132060328073e-01,-1.986517798058690804e-02,5.497899935483505432e-03,9.505870591002366652e-04,-1.168780805575278916e-03,3.061846112887103323e-04,-1.719988905863347833e-05
1.200000000000000000e+01,-3.179248634995269995e+00,-1.935951276843858260e+00,1.780343444182498125e+00,6.486058148947090318e-01,-8.832952891716366883e-01,2.189977099286358753e-01,8.901758438235246595e-01,-1.109013807816724160e-03,-3.178033863444243868e-03,-4.556046940739446605e-01,-2.030464970785881076e-02,6.437669241841407174e-03,9.562709531964645260e-04,-1.160592063572367209e-03,3.167733665156601181e-04,-1.616196673290448934e-05
1.205000000000000071e+01,-3.137967334249734730e+00,-1.993223008310371913e+00,1.791712218006924262e+00,6.630656589572538895e-01,-8.759272121110471820e-01,2.202659339769612867e-01,8.938921966876699488e-01,-1.041047106836419725e-03,-3.111858742131924389e-03,-4.482699780901933106e-01,-2.049378514550019223e-02,7.511956669905870548e-03,9.529947067187861161e-04,-1.159004567164471141e-03,3.161775899903795277e-04,-2.636143986803037029e-05
1.210000000000000142e+01,-3.092684248566287319e+00,-2.047845341277929165e+00,1.803672038895723917e+00,6.766136049317581502e-01,-8.685145168067753829e-01,2.217973155536165919e-01,8.975806323167720979e-01,-8.983640982808919085e-04,-3.017687927514885442e-03,-4.408390806080406676e-01,-2.043559921029911366e-02,8.821561512373520680e-03,9.052744236813764066e-04,-1.156882725982096190e-03,3.059484052435343729e-04,-4.002991691637558221e-05
1.215000000000000036e+01,-3.049106765141610165e+00,-2.093464796405875017e+00,1.815475603983587316e+00,6.886816762328119568e-01,-8.578756429597984567e-01,2.234514219685515835e-01,9.011544025676323511e-01,-8.051106116404158812e-04,-2.967238316357223918e-03,-4.334873585546070718e-01,-2.005609030855775785e-02,9.798848450930246895e-03,8.575251354395594565e-04,-1.153050048882079672e-03,2.971438435070907652e-04,-4.978335440695934029e-05
1.220000000000000107e+01,-3.008215548725523103e+00,-2.136762031404738416e+00,1.827384214807854290e+00,7.008093688390717446e-01,-8.467207584071084758e-01,2.248877403691577626e-01,9.046034419891578748e-01,-6.792992025324187493e-04,-2.911055026071375593e-03,-4.262436827128315286e-01,-1.977081144009587912e-02,1.037521200564027815e-02,8.256870227969372684e-04,-1.158508953332872213e-03,2.809285277990546288e-04,-5.473245232575458738e-05
1.225000000000000000e+01,-2.966965711482505430e+00,-2.182923013787493094e+00,1.839295468442373904e+00,7.143959387174489972e-01,-8.361927886913119723e-01,2.263843763681204491e-01,9.079529553216971749e-01,-6.280509265267870478e-04,-2.832958378907415430e-03,-4.190620608232785704e-01,-1.982581282069750817e-02,1.096584260429427082e-02,7.775356453823891205e-04,-1.152020709993452395e-03,2.715804114596825675e-04,-5.209906579083477257e-05
1.230000000000000071e+01,-2.929440100981301587e+00,-2.228130906032967484e+00,1.850708824800715302e+00,7.284914090761021033e-01,-8.242862078492494415e-01,2.270044859504857238e-01,9.111903076040629434e-01,-6.442948499460871524e-04,-2.762578724268511393e-03,-4.119759414958011901e-01,-2.001837532202106751e-02,1.108508256996864304e-02,7.912734779033137088e-04,-1.143335207564700334e-03,2.643240305969392335e-04,-4.315491103961840676e-05
1.235000000000000142e+01,-2.892790252966046083e+00,-2.274029193005053351e+00,1.861869394928287624e+00,7.433437817981667362e-01,-8.118602094658272650e-01,2.269799719052483788e-01,9.143363127119258360e-01,-6.932483278369457828e-04,-2.722784337558598923e-03,-4.049459385011368595e-01,-2.046278634293495838e-02,1.104504940779005642e-02,8.430533796118848617e-04,-1.139245852601147553e-03,2.627463457606978589e-04,-2.475417798427914718e-05
1.240000000000000036e+01,-2.852400171963846987e+00,-2.320846819872325995e+00,1.873280615589288933e+00,7.580853579969797362e-01,-8.003739402717188200e-01,2.270400873391023033e-01,9.174516055549278848e-01,-6.982649770216944321e-04,-2.662551535028895300e-03,-3.978378749063870012e-01,-2.093284914628185112e-02,1.130805604241405526e-02,8.669630149319350288e-04,-1.138851805223261302e-03,2.599035135557429838e-04,-9.863933884953918557e-06
1.245000000000000107e+01,-2.809538851576399487e+00,-2.364755929350220942e+00,1.884999546121846281e+00,7.714109253707772673e-01,-7.890256226059376710e-01,2.274598263353796168e-01,9.205305899192119945e-01,-6.633963282404052499e-04,-2.598200078298539689e-03,-3.906612884387860585e-01,-2.104483128863604904e-02,1.180442825712159707e-02,8.492676638322327939e-04,-1.136672594417736416e-03,2.551340955256778224e-04,2.240129685907170544e-06
1.250000000000000000e+01,-2.767141310830423251e+00,-2.401693107681095896e+00,1.896689842453976427e+00,7.828046339979124468e-01,-7.762597188131611370e-01,2.280988378615642631e-01,9.235234179017761669e-01,-5.905538166741008043e-04,-2.561483560273053028e-03,-3.835330320000890358e-01,-2.070585024030560661e-02,1.220614866592624817e-02,8.223203585006509057e-04,-1.134683208627343528e-03,2.470430164327940491e-04,2.283093206712165826e-05
1.255000000000000071e+01,-2.724268255058395205e+00,-2.431566601139593331e+00,1.908731797404675801e+00,7.924437154969976582e-01,-7.625115998931873973e-01,2.292244094502770280e-01,9.264646570541734683e-01,-4.674946406884330184e-04,-2.512173427845910099e-03,-3.763730990160190637e-01,-1.995423332754052426e-02,1.255000563069833333e-02,7.460988975749430251e-04,-1.131300710093541707e-03,2.274861891667644706e-04,3.669443638837655019e-05
1.260000000000000142e+01,-2.680003144486370115e+00,-2.456723438228200607e+00,1.920801983133991753e+00,8.013498219763284247e-01,-7.469403397109580789e-01,2.302357831496756047e-01,9.293422738209152767e-01,-3.594561188683940457e-04,-2.437791462393563893e-03,-3.692111402076804216e-01,-1.914958138712124017e-02,1.289229189312258127e-02,6.641334468915744381e-04,-1.125342100757803889e-03,2.005782853238896536e-04,5.507315083996990176e-05
1.265000000000000036e+01,-2.634615349440789345e+00,-2.497913500666933295e+00,1.933365685658624766e+00,8.138241197794561232e-01,-7.358263446691359899e-01,2.311454205975126130e-01,9.322236293039830590e-01,-2.453536065231861339e-04,-2.350288236974920879e-03,-3.618750073079389784e-01,-1.928871642234044129e-02,1.330569684044560254e-02,5.636852292666946805e-04,-1.133185467390800637e-03,1.851121768043516216e-04,5.218692351054339280e-05
1.270000000000000107e+01,-2.586328729873804022e+00,-2.539643526660636752e+00,1.945932200629156617e+00,8.264080642984364955e-01,-7.255531284603480291e-01,2.315342588934079515e-01,9.350466540762731871e-01,-1.522132369792777279e-04,-2.206770298610876303e-03,-3.545177875604355044e-01,-1.935273990918088063e-02,1.392065407897081705e-02,4.922934652706429607e-04,-1.131505903678312833e-03,1.633011179487152214e-04,5.497584193918253763e-05
1.275000000000000000e+01,-2.533623160379387507e+00,-2.587761951260181714e+00,1.958387455648276765e+00,8.402281432497532565e-01,-7.178323926774350383e-01,2.309260578595058733e-01,9.378565414056998506e-01,-3.770311610015616267e-05,-2.095170750106072240e-03,-3.470168822702170974e-01,-1.976783695554596570e-02,1.499323143811978447e-02,4.587759333796421015e-04,-1.135018844806895454e-03,1.563929636862039594e-04,4.432530527227880287e-05
1.280000000000000071e+01,-2.481734572914893633e+00,-2.633930120201100955e+00,1.970384395348826256e+00,8.542052371400550292e-01,-7.089441748644149666e-01,2.294335220052238500e-01,9.405722337422940393e-01,2.929562818671097902e-05,-1.996910563748074009e-03,-3.395878157457922208e-01,-2.025420987293203440e-02,1.588724929319903015e-02,4.934962176309054364e-04,-1.136996905358603769e-03,1.514782430191115368e-04,4.227045710657267267e-05
1.285000000000000142e+01,-2.430092364920828363e+00,-2.675813141077086676e+00,1.981918895499087174e+00,8.668249725785935889e-01,-6.981274388129432573e-01,2.273556236080993831e-01,9.432295601685298791e-01,7.112658680051766474e-05,-1.951637146155234606e-03,-3.321357898175685830e-01,-2.058311908748380881e-02,1.675761957650295439e-02,5.512549817445063730e-04,-1.139403328487199017e-03,1.538850488281257142e-04,4.345491817153085206e-05
1.290000000000000036e+01,-2.378716755872745559e+00,-2.715453251152569969e+00,1.993393804068513298e+00,8.787928591471326767e-01,-6.867929289591055975e-01,2.255650113624191322e-01,9.458107018508488117e-01,1.296069609790891021e-04,-1.895548551625436239e-03,-3.247129599540627409e-01,-2.079193667945013549e-02,1.752615840688588958e-02,5.895823095352291073e-04,-1.142671417156082515e-03,1.530757161990709090e-04,5.182079677977317731e-05
1.295000000000000107e+01,-2.327350288424742786e+00,-2.753533823220069898e+00,2.004473026798889279e+00,8.906213688304531750e-01,-6.744753585128172579e-01,2.230731750036171745e-01,9.483651401260543290e-01,1.504566521008979490e-04,-1.857148015160216270e-03,-3.171751714080643936e-01,-2.106214622601543934e-02,1.820519959241386279e-02,6.736239756232474847e-04,-1.143808093051543748e-03,1.536742611699532240e-04,4.342798991812960789e-05
1.300000000000000000e+01,-2.273999968445203468e+00,-2.790649768284541921e+00,2.015319816015590071e+00,9.019081005884672653e-01,-6.626309868588392549e-01,2.205415015612297580e-01,9.508439966851176539e-01,2.059889343619344699e-04,-1.833163917800890042e-03,-3.096648043392749572e-01,-2.130485880754851707e-02,1.911624069811029489e-02,7.508193967467154594e-04,-1.148989936239237829e-03,1.613045951509840500e-04,4.301323756552898552e-05
1.305000000000000071e+01,-2.222776078222636009e+00,-2.825643530807464110e+00,2.025980718135020009e+00,9.131282341154687288e-01,-6.493964496615827198e-01,2.178886635169618169e-01,9.532468237846973835e-01,1.942165590469880222e-04,-1.822478255217352882e-03,-3.021872495611351295e-01,-2.149028220236184547e-02,1.973456110459386598e-02,8.144670694817047118e-04,-1.147458411040794138e-03,1.672157937132305204e-04,4.462939225150826120e-05
1.310000000000000142e+01,-2.172268758651572984e+00,-2.858491904070357137e+00,2.036493120118490818e+00,9.233742201013137585e-01,-6.354327653840849965e-01,2.157704925216909209e-01,9.555825856369162263e-01,1.790245757183519919e-04,-1.831309486905846736e-03,-2.947177230558590821e-01,-2.150760308293768810e-02,2.031316560224978238e-02,8.451470529694702586e-04,-1.143014035031248441e-03,1.779117745319149749e-04,5.058702143768448146e-05
1.315000000000000036e+01,-2.121610739439950599e+00,-2.889428652930799313e+00,2.046272295528950291e+00,9.327876891776510915e-01,-6.211538466755855969e-01,2.125397969035524026e-01,9.578661570833046923e-01,1.429623593813913768e-04,-1.864850455255488834e-03,-2.872088560769065491e-01,-2.148234738895091200e-02,2.095994276125449918e-02,9.488844121779676372e-04,-1.139115997325409330e-03,1.970704971167853807e-04,5.151517790665428328e-05
1.320000000000000107e+01,-2.071046119219825066e+00,-2.917521544587276860e+00,2.055794215205586362e+00,9.413942869451503714e-01,-6.059084563646949251e-01,2.091333268730435624e-01,9.600894944923374918e-01,1.078612959634298193e-04,-1.919033801322661331e-03,-2.796863747855049542e-01,-2.136133678523410157e-02,2.157941911616677658e-02,1.049778897503356265e-03,-1.135058971914224002e-03,2.159480411662967033e-04,5.164093250280004131e-05
1.325000000000000000e+01,-2.031664217731510735e+00,-2.926718577216951278e+00,2.063060441146795210e+00,9.426399257010519284e-01,-5.844699590644001352e-01,2.042057700735011860e-01,9.622818554215240017e-01,6.143892505443870650e-05,-2.065596007714033677e-03,-2.720466141397471782e-01,-2.003346711900758428e-02,2.130590530673089414e-02,1.329833194435308882e-03,-1.120748008657676542e-03,2.220755476430491180e-04,4.511998112069554376e-05
1.330000000000000071e+01,-1.992474619908427114e+00,-2.934483864014935772e+00,2.070610679965597445e+00,9.437079479538291737e-01,-5.632225086201108066e-01,1.997539547170771035e-01,9.643957538851298805e-01,4.820012453503800225e-05,-2.149710178105450516e-03,-2.644545448866973403e-01,-1.868105919303263140e-02,2.098719287805248662e-02,1.541632153009994894e-03,-1.110232436956958089e-03,2.189263865773954584e-04,4.497364493356111639e-05
1.335000000000000142e+01,-1.952552699137666936e+00,-2.945144859143116634e+00,2.078584661259466948e+00,9.454369556633245297e-01,-5.428657102405884949e-01,1.960062326485577933e-01,9.664407304188239456e-01,4.570917247907567139e-05,-2.251514335990716185e-03,-2.568798224489349802e-01,-1.759747694739561413e-02,2.070280519721234141e-02,1.673526114461280998e-03,-1.100803950997612498e-03,2.196553780173339575e-04,4.406226509826410674e-05
1.340000000000000036e+01,-1.908119425028147020e+00,-2.959335854390399589e+00,2.086998387480728745e+00,9.489768390169791568e-01,-5.251585464324268759e-01,1.925729052329586688e-01,9.684019122519739176e-01,5.459976547238772293e-05,-2.306347984252934621e-03,-2.493840695083814341e-01,-1.680488406918181910e-02,2.082857150544154684e-02,1.760441526553093838e-03,-1.091738597832696842e-03,2.212301828613978390e-04,4.656832739534220609e-05
1.345000000000000107e+01,-1.859785524239958798e+00,-2.977079662490322853e+00,2.095874285686575966e+00,9.539728251318742025e-01,-5.091041251435477477e-01,1.891793751787606837e-01,9.703101765300934378e-01,6.770624455150788792e-05,-2.277172149742296738e-03,-2.418532018084601221e-01,-1.627663125706017844e-02,2.117226490388404020e-02,1.813297116182745672e-03,-1.083699899638595858e-03,2.163891974812984763e-04,4.697097547556086097e-05
1.350000000000000000e+01,-1.808341167961587947e+00,-3.001428847060708449e+00,2.105521522190128447e+00,9.614216553258829734e-01,-4.948314654210366759e-01,1.869698765340556401e-01,9.721575710044663143e-01,4.259199400150302106e-05,-2.259766050297816551e-03,-2.343171969404206634e-01,-1.613689737686289927e-02,2.170331872481600505e-02,1.757158552577585235e-03,-1.072605294526434404e-03,2.224823161470840184e-04,4.249922186124952661e-05
1.355000000000000071e+01,-1.757840165682060807e+00,-3.025356819710398604e+00,2.115097241676471729e+00,9.682685406646650561e-01,-4.801729019190342229e-01,1.846233994072788709e-01,9.739560025195108661e-01,8.475315058544100099e-05,-2.270591288246656767e-03,-2.267256985617636944e-01,-1.602575367188467312e-02,2.205637124836479571e-02,1.705758371788088958e-03,-1.073343388345798701e-03,2.266172242772087318e-04,3.825455080620610270e-05
1.360000000000000142e+01,-1.706044651624175623e+00,-3.050977684082667896e+00,2.124697911885027768e+00,9.758171623428009145e-01,-4.653260880294382562e-01,1.819644060562586596e-01,9.756960078736107711e-01,8.686387543600871731e-05,-2.258912417127438566e-03,-2.191168409521680738e-01,-1.603088899529469744e-02,2.238436224777066302e-02,1.655452127350463690e-03,-1.070210642123482683e-03,2.277282724659415584e-04,4.381471568779574067e-05
1.365000000000000036e+01,-1.653726282043386009e+00,-3.075291233430286209e+00,2.133943956121385099e+00,9.828498702332874037e-01,-4.500932392322811171e-01,1.791457741590549158e-01,9.773898896609407583e-01,4.828854595206851571e-05,-2.247483627805278890e-03,-2.114330865170661600e-01,-1.596266088644399464e-02,2.277269237080272249e-02,1.607455932682482283e-03,-1.058479491237327699e-03,2.336680061921572195e-04,3.809869882687328139e-05
1.370000000000000107e+01,-1.602015778675436986e+00,-3.097422538518944446e+00,2.143060080523472077e+00,9.891240483345007384e-01,-4.344977833491148189e-01,1.762062507741038730e-01,9.790325682021333575e-01,9.505557041674076878e-05,-2.217344272651393649e-03,-2.036916904253831262e-01,-1.587176675736600220e-02,2.298841222288514757e-02,1.580317980410792834e-03,-1.057460728853499773e-03,2.275871910137773201e-04,3.013179267115936614e-05
1.375000000000000000e+01,-1.549180376652221636e+00,-3.118701151236269453e+00,2.151984727990424062e+00,9.953296018177246740e-01,-4.191489085141968940e-01,1.726822471509805168e-01,9.806055220443228304e-01,1.751681864504742419e-04,-2.189497733680602267e-03,-1.959795539130591568e-01,-1.584089458652303273e-02,2.330395509731360282e-02,1.567242707610697191e-03,-1.063256424886757341e-03,2.227207603654735284e-04,2.895176122773635073e-05
1.380000000000000071e+01,-1.498088408429669727e+00,-3.143304162032314331e+00,2.161232506037678913e+00,1.001812839429794488e+00,-4.036326909103618577e-01,1.698087692657700709e-01,9.821174203321519913e-01,2.530056726092508963e-04,-2.221518137076175948e-03,-1.882561380816446250e-01,-1.598421562041368871e-02,2.333919154453455852e-02,1.492331555800155635e-03,-1.072013870583824564e-03,2.262011288780158285e-04,2.757494430880846271e-05
1.385000000000000142e+01,-1.444525981047720453e+00,-3.167076660547023081e+00,2.170163736671754329e+00,1.008776722630124967e+00,-3.877366503167671286e-01,1.663498906678427536e-01,9.835641501489017502e-01,2.749508927219596033e-04,-2.214351271762680321e-03,-1.805452397387438124e-01,-1.623476286574747005e-02,2.353778175969808636e-02,1.455015681070332551e-03,-1.075397669002105087e-03,2.275278540553505756e-04,2.904381481902494527e-05
1.390000000000000036e+01,-1.393369722146144962e+00,-3.187264401821769955e+00,2.178153292148556908e+00,1.014508936875265110e+00,-3.696113228665541262e-01,1.621974047579127221e-01,9.849414693445541769e-01,1.957311367861793209e-04,-2.247152470722892613e-03,-1.728734044336663611e-01,-1.638493970205778111e-02,2.359116219648647872e-02,1.467191190507143549e-03,-1.066434884357588897e-03,2.355893253105075327e-04,3.881088157023925586e-05
1.395000000000000107e+01,-1.337602697690879916e+00,-3.209195889308777971e+00,2.186234950807620869e+00,1.021553656887469019e+00,-3.525155195993031620e-01,1.576469463177132269e-01,9.862539248171605655e-01,1.291287139282945215e-04,-2.227522403569002444e-03,-1.652217214910416121e-01,-1.676720689826812286e-02,2.395436526319327450e-02,1.479377459223694046e-03,-1.060033129187075689e-03,2.423660764867202405e-04,5.149961736433191384e-05
1.400000000000000000e+01,-1.285982168630055433e+00,-3.224473432788838689e+00,2.193357188522125245e+00,1.025681665083377325e+00,-3.333887165959059651e-01,1.526756647957223101e-01,9.875092087403162244e-01,9.561218045174228579e-05,-2.294585435281240766e-03,-1.575445600110197408e-01,-1.693084741629867496e-02,2.413004117079704802e-02,1.528323328486048743e-03,-1.063916645029079448e-03,2.542423281298823246e-04,6.256775379997613247e-05
1.405000000000000071e+01,-1.234607671740772572e+00,-3.237568908667521228e+00,2.200159652988288972e+00,1.028794297636431487e+00,-3.148864158162245075e-01,1.478753854112427046e-01,9.887091728331053320e-01,8.533404351183217836e-05,-2.367232315134961892e-03,-1.498284368367495956e-01,-1.691100030850688218e-02,2.434658458651933408e-02,1.565911748727298169e-03,-1.066278078667296349e-03,2.666478076209090158e-04,6.737722979427819905e-05
1.410000000000000142e+01,-1.182461202054071681e+00,-3.247124418323914075e+00,2.206281284839938017e+00,1.030893179713788355e+00,-2.966085389218539592e-01,1.425545518721079430e-01,9.898462141329953390e-01,6.407140258548010663e-05,-2.426722206766982522e-03,-1.421217058747987483e-01,-1.671350427451422441e-02,2.474334953811632362e-02,1.632740479831292901e-03,-1.064640073542946633e-03,2.771094597613279055e-04,7.378908470838679726e-05
1.415000000000000036e+01,-1.129360750539230018e+00,-3.256216945869193413e+00,2.212126146815643235e+00,1.032728945016289757e+00,-2.793488266882258597e-01,1.373456659308882888e-01,9.909250089182275456e-01,5.284855819255879775e-05,-2.500857048931779195e-03,-1.343925951139475494e-01,-1.641180411606057987e-02,2.529025367088452367e-02,1.683561304872484765e-03,-1.058799712664214125e-03,2.926502578564296069e-04,7.944544633345466131e-05
1.420000000000000107e+01,-1.073021291380320097e+00,-3.270851970005434151e+00,2.218793624329254310e+00,1.036651893127038537e+00,-2.633165952429519230e-01,1.325629814142045559e-01,9.919447296872534459e-01,9.213619812668239167e-05,-2.523193710016711187e-03,-1.266462721524181101e-01,-1.647891158175879972e-02,2.581770390266171014e-02,1.675538154960124230e-03,-1.061815523676528815e-03,3.038461677822432085e-04,8.156492590428644936e-05
1.425000000000000000e+01,-1.015070916964082137e+00,-3.291978758183219167e+00,2.226299699109835384e+00,1.042913438919323088e+00,-2.473092905025707777e-01,1.286070705446746565e-01,9.929059591850771804e-01,5.164130570323330566e-05,-2.503723618932715642e-03,-1.188759223559488071e-01,-1.682765960969342597e-02,2.609589104101901758e-02,1.600366313951114439e-03,-1.055027481089017847e-03,3.113466223572074871e-04,8.227113106358980308e-05
1.430000000000000071e+01,-9.530467407793145052e-01,-3.312810047330677410e+00,2.233632730496593943e+00,1.050291671185068720e+00,-2.316798570911205724e-01,1.243409172775761518e-01,9.938131504956652096e-01,-1.751879120675180565e-05,-2.430296441772864142e-03,-1.110383503757929463e-01,-1.727883524961464079e-02,2.664781067485098159e-02,1.537542593136398536e-03,-1.043904523606598196e-03,3.153408124280297981e-04,7.872793301992892932e-05
1.435000000000000142e+01,-8.922904110582509096e-01,-3.333205786744304788e+00,2.240854114119164020e+00,1.057203014320554413e+00,-2.155179545439364075e-01,1.202622921485627661e-01,9.946559331192760256e-01,-9.529437171363688028e-05,-2.383504772524755368e-03,-1.032176561185358804e-01,-1.766992503116491045e-02,2.704404413650362063e-02,1.455388694696518577e-03,-1.032593831460895412e-03,3.216704169154480488e-04,8.330612431343937608e-05
1.440000000000000036e+01,-8.330544113413017593e-01,-3.354913267719894510e+00,2.248316571501052241e+00,1.064008785155883929e+00,-1.985173065740722387e-01,1.166142359338742523e-01,9.954375794641304731e-01,-2.030000533912643113e-04,-2.348605972159399126e-03,-9.538589115565666854e-02,-1.811456698493157241e-02,2.710826186367884180e-02,1.344781987297899873e-03,-1.016223441494334707e-03,3.247501329516285537e-04,8.865158637497764203e-05
1.445000000000000107e+01,-7.742839225717043083e-01,-3.374751784724587811e+00,2.255674886801966483e+00,1.069961757751258569e+00,-1.820875228303579230e-01,1.130014759901112886e-01,9.961556026821265508e-01,-2.072813456708185982e-04,-2.332346877875079386e-03,-8.757015723118397044e-02,-1.851002603203223684e-02,2.715585356408667037e-02,1.228681819875742948e-03,-1.013878686676956140e-03,3.283911808470256488e-04,8.968758771069130814e-05
1.450000000000000000e+01,-7.165111174114840997e-01,-3.397241483851002108e+00,2.263666557072746333e+00,1.076528934005119176e+00,-1.654974350970865316e-01,1.101216789438132365e-01,9.968136613389133593e-01,-1.906403579156451240e-04,-2.305009574752766872e-03,-7.973189546990931686e-02,-1.900452627743558914e-02,2.683870584525812827e-02,1.065458552794627811e-03,-1.017395163269735770e-03,3.271458052182710610e-04,9.330440888919782304e-05
1.455000000000000071e+01,-6.606736455355330939e-01,-3.410249469085586238e+00,2.270025184013363617e+00,1.079643338278030384e+00,-1.486540491421116106e-01,1.060905862928032961e-01,9.974097891508858504e-01,-1.369915875079587492e-04,-2.307286800752411833e-03,-7.189137755607086233e-02,-1.904803782617155855e-02,2.679329773549480112e-02,9.807482960967448156e-04,-1.019502665283154776e-03,3.271131839497513970e-04,9.850340077207365140e-05
1.460000000000000142e+01,-6.064316050829511306e-01,-3.421775456411289440e+00,2.276304901395224345e+00,1.081910338216881984e+00,-1.313852332229956954e-01,1.022993657381115057e-01,9.979447853693044213e-01,-1.034407283837320717e-04,-2.333305265222473685e-03,-6.403710128330139528e-02,-1.905499515780971140e-02,2.660441110165782247e-02,8.822080627978292136e-04,-1.021692263257419813e-03,3.269624282786349188e-04,9.935826139878229204e-05
1.465000000000000036e+01,-5.452711609336385878e-01,-3.438591602523952684e+00,2.282959848865274921e+00,1.087287271801770094e+00,-1.152439983729970918e-01,9.812837392441098316e-02,9.984151201537302400e-01,-8.906512542637200853e-05,-2.308437839785727492e-03,-5.623087257508589676e-02,-1.943277830008567283e-02,2.675137670016955460e-02,7.710140487912978124e-04,-1.021098563464065785e-03,3.335081894814204010e-04,1.076274327358123169e-04
1.470000000000000107e+01,-4.811913736422453458e-01,-3.455082346416926686e+00,2.289443823629419228e+00,1.093048443607095965e+00,-9.940045903056546339e-02,9.380152829123281077e-02,9.988296959550440057e-01,-5.518546820759013123e-05,-2.273790622551771345e-03,-4.831216522909496935e-02,-1.991421430978184554e-02,2.706981308951689202e-02,6.755015635005361726e-04,-1.028311405626047576e-03,3.386665448098637806e-04,1.072428693491829608e-04
1.475000000000000000e+01,-4.158621624433139208e-01,-3.472735509728763326e+00,2.295995293740599852e+00,1.099309394215565394e+00,-8.421735891370979443e-02,8.972954103760846789e-02,9.991817978218530127e-01,-1.753641953151462011e-05,-2.259285292977902988e-03,-4.038106268943973676e-02,-2.036944591352231326e-02,2.740746345578719267e-02,5.458131869815025742e-04,-1.032449587603296052e-03,3.488384232395261319e-04,1.070346396375883844e-04
1.480000000000000071e+01,-3.536865303472724875e-01,-3.484162972280827830e+00,2.301627811442179539e+00,1.103067580160649097e+00,-6.833667039436611135e-02,8.501407625875723184e-02,9.994719131621014885e-01,7.334285608616445881e-05,-2.250843874966925503e-03,-3.241640206384033274e-02,-2.064359491388453871e-02,2.767516123106729051e-02,4.640377912118428313e-04,-1.041450279924082149e-03,3.536121020210960001e-04,9.927482328357186173e-05
1.485000000000000142e+01,-2.917700877966749040e-01,-3.490303031473657391e+00,2.305947344843000568e+00,1.105288150515782108e+00,-5.211561615722827556e-02,7.939105121031496404e-02,9.996950895501642842e-01,1.316567135986464155e-04,-2.253361492691451605e-03,-2.458928542642233733e-02,-2.081255879019919611e-02,2.821744983290245742e-02,4.438149476826070880e-04,-1.047603461962291803e-03,3.629189915924417261e-04,1.085690364271426576e-04
1.490000000000000036e+01,-2.325590970697165583e-01,-3.494566288871534088e+00,2.309909101804182185e+00,1.106286578727336156e+00,-3.510319599580349198e-02,7.380244702946073265e-02,9.998564262041773620e-01,1.701491979568707849e-04,-2.284604066308840772e-03,-1.678924095130375146e-02,-2.092389892540327465e-02,2.854540688777457494e-02,4.236577794723941004e-04,-1.052390943968337144e-03,3.717694304811936445e-04,1.156078540601077168e-04
1.495000000000000107e+01,-1.684811693302632196e-01,-3.502510165390304575e+00,2.314258178302108782e+00,1.109429797212460711e+00,-1.848967746373239227e-02,6.825934853085428855e-02,9.999573807603863163e-01,1.697353035067060824e-04,-2.276327781609049916e-03,-8.945735553045442573e-03,-2.128470089919671376e-02,2.900856392520305069e-02,3.729112629972101858e-04,-1.051730795198413696e-03,3.818936844501368780e-04,1.209266378714662189e-04
1.500000000000000000e+01,-1.087352907446392930e-01,-3.505737372533293428e+00,2.317878725147069385e+00,1.110311928802674153e+00,-1.358736296770995944e-03,6.250405496895358737e-02,9.999968191867925071e-01,1.810102623156842870e-04,-2.257812172610593453e-03,-1.109565579597400096e-03,-2.140785018508107804e-02,2.925285342015139858e-02,3.467680236727053544e-04,-1.052878822583172731e-03,3.842247017133361051e-04,1.280314633985866416e-04
1.505000000000000071e+01,-4.926548954390706780e-02,-3.508247844141124450e+00,2.321350318021513814e+00,1.110815208638070928e+00,1.530402998116837422e-02,5.700439895865814371e-02,9.999746058665845982e-01,2.400592230741559760e-04,-2.252705439726084783e-03,6.756871446161437020e-03,-2.149436549332154819e-02,2.944759919647518820e-02,3.138644818628228252e-04,-1.058916744344715229e-03,3.855019246370207115e-04,1.268885948295835335e-04
1.510000000000000142e+01,1.251320266234172592e-02,-3.516729661987982425e+00,2.325811537944608265e+00,1.113509641690125118e+00,3.200775757383957087e-02,5.231077502337393853e-02,9.998899653325860060e-01,2.810808157056783629e-04,-2.252445875379024097e-03,1.465962852031194898e-02,-2.185572800577278638e-02,2.938471232848203357e-02,2.221085922451436284e-04,-1.062360593401188037e-03,3.897651847606571109e-04,1.190322462395745017e-04
1.515000000000000036e+01,7.444337950448551289e-02,-3.523901298269570770e+00,2.330058196965774098e+00,1.116013750333110011e+00,4.884941309281052441e-02,4.743483258844698180e-02,9.997427033529656670e-01,2.875284635273553358e-04,-2.226029802458214489e-03,2.257186769422109621e-02,-2.217429783890911485e-02,2.928448144075838575e-02,1.337447263536181610e-04,-1.060332664711622535e-03,3.884394785665220488e-04,1.090447330026183957e-04
1.520000000000000107e+01,1.364837874978702681e-01,-3.531202687860999667e+00,2.334327569086664944e+00,1.118568640279745896e+00,6.536786873035606293e-02,4.281472168393206379e-02,9.995338831542297520e-01,3.047964682865974065e-04,-2.205336763609654256e-03,3.044766026312331619e-02,-2.248221063047863705e-02,2.910941749355687794e-02,3.021020089677001468e-05,-1.057962769804790407e-03,3.876231571135330925e-04,1.001463886433555075e-04
1.525000000000000000e+01,1.996433107882828739e-01,-3.536696537610084956e+00,2.338214548136527071e+00,1.121088694024785282e+00,8.274502451593890306e-02,3.779477115332659232e-02,9.992620574841137859e-01,2.774276376968718826e-04,-2.155438378093049896e-03,3.834863220402614375e-02,-2.288724861985859046e-02,2.901814620788661925e-02,-5.220139880643432523e-05,-1.054454823409156855e-03,3.841553158842665088e-04,8.930632572397338926e-05
1.530000000000000071e+01,2.657475874134650473e-01,-3.546255880097859414e+00,2.343004951778488554e+00,1.125596255161648740e+00,9.967111898363689715e-02,3.351950348897041881e-02,9.989289059634173240e-01,3.036597411777445187e-04,-2.103568375526695781e-03,4.622254451651557766e-02,-2.348980822015926326e-02,2.879851807412118353e-02,-1.905904766211393418e-04,-1.057522278279491223e-03,3.816638720909615334e-04,8.143155067260485983e-05
1.535000000000000142e+01,3.304233817457602473e-01,-3.548420081158725647e+00,2.346076888186421794e+00,1.127411108571866771e+00,1.164584053227974147e-01,2.809760582847103602e-02,9.985311330734182311e-01,3.419475665360319520e-04,-2.064660648603713119e-03,5.414052577675443345e-02,-2.387945110980811692e-02,2.891400183183462022e-02,-2.540528278733963008e-04,-1.062699186370065496e-03,3.793973126874858348e-04,7.399820179216582750e-05
1.540000000000000036e+01,3.952152901652667971e-01,-3.551049906634224040e+00,2.349231569698792654e+00,1.129418010774550618e+00,1.333553225944082155e-01,2.303597853615899083e-02,9.980695268922690211e-01,3.784337929052404483e-04,-2.044337827742956446e-03,6.207170820714152243e-02,-2.431789854021134886e-02,2.894646508657614664e-02,-3.386352434399868098e-04,-1.068550444149209307e-03,3.819258752097353868e-04,6.184204164990223147e-05
1.545000000000000107e+01,4.533233008427368094e-01,-3.547949462152453659e+00,2.351378810942285735e+00,1.128145235241581057e+00,1.513062552365736779e-01,1.741328221283918246e-02,9.975532102449125027e-01,4.359495624632865412e-04,-2.019114022923649762e-03,6.988079748121552026e-02,-2.455111980069161690e-02,2.869499592482062031e-02,-3.736786457039563501e-04,-1.076952255322309896e-03,3.742194945960557509e-04,6.302110293115367734e-05
1.550000000000000000e+01,5.088154179172212910e-01,-3.543881219454215525e+00,2.353177038693511580e+00,1.125378777929074259e+00,1.694535973099530746e-01,1.204721176612899396e-02,9.969791633861673219e-01,4.829056446360767223e-04,-2.049881296915674264e-03,7.764092067089882476e-02,-2.472559404065177713e-02,2.829874264185047381e-02,-4.166206877142768889e-04,-1.083792431554611579e-03,3.724152819112110276e-04,7.176911275416685346e-05
1.555000000000000071e+01,5.665152354184695982e-01,-3.536208378797093488e+00,2.354122415985763439e+00,1.122745591158583744e+00,1.863234173190327914e-01,6.076771303270830232e-03,9.963405527396254069e-01,5.695310500717255938e-04,-2.025186417403116845e-03,8.544634117886792946e-02,-2.478077595089677940e-02,2.828916869117156438e-02,-4.332170636949563285e-04,-1.092791391205055404e-03,3.667892853163164861e-04,7.594620931306860791e-05
1.560000000000000142e+01,6.302426742647539992e-01,-3.534393918012895153e+00,2.356226477423243981e+00,1.123275761111986792e+00,2.034557662456325244e-01,1.031625247517731127e-03,9.956313731399469846e-01,6.314538577093346816e-04,-1.974397661536897441e-03,9.334812177737362993e-02,-2.517736122633409609e-02,2.819949156154845024e-02,-5.080831542281038062e-04,-1.100169633659817559e-03,3.619913171287493514e-04,6.737135182224003138e-05
1.565000000000000036e+01,6.912014296679436232e-01,-3.528364983888375495e+00,2.357180718193055746e+00,1.121856175990991078e+00,2.205069967830927125e-01,-4.631672567664156873e-03,9.948596094774970755e-01,6.883857695384973949e-04,-1.977434459654142142e-03,1.012421518354493233e-01,-2.540357611292292858e-02,2.822224651739814114e-02,-5.562948717097335139e-04,-1.105039808811692685e-03,3.648316433772399157e-04,5.962697478133449592e-05
1.570000000000000107e+01,7.476053665703255025e-01,-3.517619299825135215e+00,2.357090122376573227e+00,1.117710410207811256e+00,2.370706651133059895e-01,-1.043185355346766541e-02,9.940269168865099036e-01,7.139668392650667461e-04,-1.964385864058331311e-03,1.091151682610129597e-01,-2.533120173023917579e-02,2.819049626334107356e-02,-5.793369945828974422e-04,-1.104998982220333327e-03,3.627373685807577862e-04,5.584432196298734036e-05
1.575000000000000000e+01,8.016666103150275058e-01,-3.505716720418345034e+00,2.356546929114368805e+00,1.112485469378489356e+00,2.541510458457595378e-01,-1.620312749731195323e-02,9.931414022397555552e-01,7.264724877995116462e-04,-2.024052277618328208e-03,1.168996604244595811e-01,-2.525678278354815537e-02,2.808273765624269211e-02,-5.993548804505293998e-04,-1.102917743594126728e-03,3.680428412104183372e-04,5.800451616172589846e-05
1.580000000000000071e+01,8.500298479887958836e-01,-3.487900129744975875e+00,2.354450624376218659e+00,1.103508259549953019e+00,2.713890652159576256e-01,-2.286142934967174550e-02,9.921949859031869989e-01,7.426372208693006981e-04,-2.154655213300031829e-03,1.246752417260312551e-01,-2.499438075113563293e-02,2.807569967707970390e-02,-5.735404003939890017e-04,-1.103005319687796418e-03,3.805821302793311830e-04,6.144649385209736687e-05
1.585000000000000142e+01,9.029747190567799509e-01,-3.475031955814094520e+00,2.353401511929744672e+00,1.097209315323248502e+00,2.889455748790991652e-01,-2.856586745143171666e-02,9.911797952261658384e-01,7.856929041612905956e-04,-2.257639059363088750e-03,1.325024501205684935e-01,-2.504994796205819302e-02,2.791154874370756558e-02,-5.956807714806858830e-04,-1.107953136150940411e-03,3.917043951101907562e-04,5.779581542885251779e-05
1.590000000000000036e+01,9.582841992592664448e-01,-3.463092784256856849e+00,2.352454008252920392e+00,1.091553641482679193e+00,3.068712478063650440e-01,-3.433343649042164963e-02,9.901066975049314101e-01,8.152295833711897853e-04,-2.333669384143168685e-03,1.402947502361014676e-01,-2.531147976408826272e-02,2.777085029425099133e-02,-6.237415785364647507e-04,-1.115747960036604300e-03,4.012796032349671776e-04,5.714702098283184594e-05
1.595000000000000107e+01,1.015969435954103828e+00,-3.451713223918846385e+00,2.351474334573967262e+00,1.086953074756659587e+00,3.250895358273870883e-01,-4.014952948149516643e-02,9.889827766734523573e-01,7.980294976191471814e-04,-2.379194521714126601e-03,1.480093578988067038e-01,-2.565145150040649968e-02,2.767056921346736434e-02,-6.578129062762555620e-04,-1.116364207204541617e-03,4.077121147625758146e-04,6.440385298989273520e-05
1.600000000000000000e+01,1.079297898594310468e+00,-3.442964227701520663e+00,2.350938493046383915e+00,1.085219884933970258e+00,3.430927392780416252e-01,-4.540190059143624224e-02,9.877977077804686035e-01,7.227107481025201417e-04,-2.353409803823043166e-03,1.557229194920316251e-01,-2.609727247653739410e-02,2.760521131859560232e-02,-7.257115282996141024e-04,-1.107993019537734320e-03,4.108193490769395393e-04,6.830617447189929600e-05
1.605000000000000071e+01,1.146052174761182041e+00,-3.435157974650237644e+00,2.350636723727262289e+00,1.084991962054224102e+00,3.617468625113358649e-01,-5.080291474345705743e-02,9.865448199146017449e-01,6.654116353286195504e-04,-2.279675752089779881e-03,1.634737856828639702e-01,-2.673965413375507805e-02,2.753370863193025861e-02,-7.998395007935052946e-04,-1.104216013307032221e-03,4.075553819033776119e-04,6.731373486285955319e-05
1.610000000000000142e+01,1.211372515040387121e+00,-3.422573302659569272e+00,2.349066394193910945e+00,1.083541378524352838e+00,3.790447188466585238e-01,-5.630499798909702897e-02,9.852198401369467451e-01,6.212953886789130634e-04,-2.228278452020976408e-03,1.712790570026279102e-01,-2.708517421235792991e-02,2.773150529276235954e-02,-8.519271521674450301e-04,-1.097051292924945297e-03,4.079721534961763710e-04,5.951561684323519063e-05
1.615000000000000213e+01,1.283037018020667386e+00,-3.415299287705277465e+00,2.348609949751962134e+00,1.085099533911746184e+00,3.976616362294284057e-01,-6.108542789778307475e-02,9.838332751314857738e-01,5.135507850666826569e-04,-2.127682643514349544e-03,1.790734373831411874e-01,-2.778408232640307979e-02,2.771790888096225050e-02,-9.493059012101820069e-04,-1.084831047328301294e-03,4.052743968770350976e-04,5.266567908477388525e-05
1.619999999999999929e+01,1.353482393226073999e+00,-3.405134659163540967e+00,2.347637962435829895e+00,1.085683557552422185e+00,4.159660566715386865e-01,-6.589041941357014209e-02,9.823699848107402266e-01,4.476562593179877082e-04,-1.992606730875907169e-03,1.869359303751834955e-01,-2.832854567816077765e-02,2.772834444347491850e-02,-1.044743571219827185e-03,-1.074883546926593209e-03,3.960487883528590407e-04,4.418421467944405785e-05
1.625000000000000000e+01,1.422816572585616779e+00,-3.394466316285230434e+00,2.347030530317303132e+00,1.086239421264332705e+00,4.335968444039091652e-01,-7.011983111170040639e-02,9.808316097030312930e-01,4.528660044239589855e-04,-1.820528472501413723e-03,1.948482332376235138e-01,-2.877746804720743290e-02,2.746701012254880100e-02,-1.158916118837364931e-03,-1.072601405462470523e-03,3.750461087118096013e-04,3.020606746214440330e-05
1.630000000000000071e+01,1.489217327275629499e+00,-3.382661479282862427e+00,2.346565567210628700e+00,1.085671508111994976e+00,4.515006329378066230e-01,-7.403923720338845271e-02,9.792209314964145372e-01,4.701944488335073119e-04,-1.643173044537128485e-03,2.027891669168254696e-01,-2.916831751582671384e-02,2.694582776129479315e-02,-1.282034302510140457e-03,-1.071295486736416032e-03,3.492191503214489242e-04,1.200637196438817433e-05
1.635000000000000142e+01,1.540505687639261101e+00,-3.362747239833152602e+00,2.344256974881016031e+00,1.078233813440102162e+00,4.685866544898253938e-01,-7.908933850604588089e-02,9.776069700704893561e-01,5.132916393603683888e-04,-1.567582985670929298e-03,2.104326288503596820e-01,-2.920355699636219965e-02,2.623858540143203869e-02,-1.319603880127098294e-03,-1.075965423435909073e-03,3.291465744893603759e-04,9.268446912005459958e-06
1.640000000000000213e+01,1.593711055270780719e+00,-3.341924181926501980e+00,2.341924899258593928e+00,1.071830832078569218e+00,4.858703944646463047e-01,-8.383076849022470800e-02,9.759225027278364273e-01,5.354454428643796700e-04,-1.456836715397593143e-03,2.181120345015344353e-01,-2.927916787378723185e-02,2.563224662076459340e-02,-1.367373375983569435e-03,-1.077307255972460463e-03,3.065181812505021644e-04,1.141427742061974687e-06
1.644999999999999929e+01,1.649682684467967508e+00,-3.322201801780358288e+00,2.339970521509120438e+00,1.066709904994974201e+00,5.039580770093594619e-01,-8.822422183694690612e-02,9.741802781444166559e-01,4.954070713171802517e-04,-1.309450319419521629e-03,2.257671933345536674e-01,-2.944983805054640982e-02,2.496266921326830909e-02,-1.443883840672432464e-03,-1.070326737251107302e-03,2.800208937804725580e-04,-6.531968146205444198e-06
1.650000000000000000e+01,1.702024775858494099e+00,-3.300947549551861648e+00,2.337665563802056035e+00,1.059954543302874308e+00,5.213666266983908448e-01,-9.233171084822729135e-02,9.723876509468135643e-01,5.182731157671720832e-04,-1.211706278134949645e-03,2.333677772251578908e-01,-2.954599963077332581e-02,2.419663283368581053e-02,-1.522235299448597683e-03,-1.072943496349013787e-03,2.562858503334540169e-04,-8.929863391410888606e-06
1.655000000000000071e+01,1.749386178136746128e+00,-3.274570932412320001e+00,2.333850951196894119e+00,1.049831085448458934e+00,5.381079574091036655e-01,-9.753356523396032596e-02,9.705163660543466575e-01,5.690300979147381579e-04,-1.145521916768915596e-03,2.410318385710717992e-01,-2.951882256537628757e-02,2.371239604993312031e-02,-1.540961887464833589e-03,-1.077853248445288792e-03,2.382286234116797515e-04,-1.504179411991099926e-05
1.660000000000000142e+01,1.792961197449510324e+00,-3.243909990241401253e+00,2.327961071811774918e+00,1.037130862377977802e+00,5.538321317864624005e-01,-1.034751823963206974e-01,9.685920113821178123e-01,5.639723865951170711e-04,-1.202363586546796505e-03,2.486518685706911869e-01,-2.927076761661666013e-02,2.362267454198479361e-02,-1.504817010932025557e-03,-1.075298746281795181e-03,2.389862159206362750e-04,-1.335249756603188604e-05
1.665000000000000213e+01,1.848358044026211511e+00,-3.216214211772367104e+00,2.322669545445164907e+00,1.030042519184775074e+00,5.701333168678404117e-01,-1.089149371960205781e-01,9.666110017614696348e-01,5.379319360958854414e-04,-1.186601708700672818e-03,2.562449489830095350e-01,-2.932389312251912697e-02,2.376582072735554385e-02,-1.511673711714441558e-03,-1.067545376541418527e-03,2.390671372505800486e-04,-1.522135935836797549e-05
1.669999999999999929e+01,1.903036739124831511e+00,-3.187373544617139398e+00,2.317178705123533522e+00,1.022950660091344055e+00,5.859828966977085329e-01,-1.141629214345372262e-01,9.645663337081342714e-01,5.399257903237560021e-04,-1.135881791130504900e-03,2.638374615734950801e-01,-2.932041556294330900e-02,2.385070264364425041e-02,-1.526617188111021629e-03,-1.065931623247499830e-03,2.350331941318480999e-04,-2.068332518361256598e-05
1.675000000000000000e+01,1.954949313553244972e+00,-3.158975814026161455e+00,2.311766531953093118e+00,1.014526222972004676e+00,6.020076256436486251e-01,-1.189676877386367099e-01,9.624596753988822195e-01,5.554155235608607567e-04,-1.099694640605461491e-03,2.714219140312217338e-01,-2.930216773380970446e-02,2.366370246147040876e-02,-1.553557386888873917e-03,-1.063199189402939428e-03,2.275899362060496882e-04,-2.333535046615616652e-05
1.680000000000000071e+01,2.002110815945411737e+00,-3.129215865080017256e+00,2.306022020419047358e+00,1.003773892524721045e+00,6.180973178216836450e-01,-1.237875754206998885e-01,9.602998284548430741e-01,4.893406268751680950e-04,-1.115542914752134466e-03,2.789673019895973494e-01,-2.916639971810212895e-02,2.336056913175245386e-02,-1.575813213929927068e-03,-1.051356105523689431e-03,2.219539804471087484e-04,-2.185502514413417734e-05
1.685000000000000142e+01,2.050220382490727467e+00,-3.098885294942438140e+00,2.300132865628106149e+00,9.930333689609194270e-01,6.346935006904312893e-01,-1.286742933752897389e-01,9.580870566199607419e-01,3.958471476391367625e-04,-1.108016384114137495e-03,2.864747939034572033e-01,-2.913332198163179343e-02,2.311307479801702133e-02,-1.593345425086527311e-03,-1.037821353669038469e-03,2.132155197465959110e-04,-1.772962708828777653e-05
1.690000000000000213e+01,2.094133618895407167e+00,-3.065124694675621431e+00,2.293122061238488385e+00,9.794459520782060613e-01,6.505904333060289479e-01,-1.340992214251086612e-01,9.557816274888836228e-01,3.574658398497405410e-04,-1.131258533335578178e-03,2.940749445753667035e-01,-2.909328397704529293e-02,2.312605497211352168e-02,-1.566846926589119879e-03,-1.033032788008529223e-03,2.125829596246123633e-04,-1.926703017416666296e-05
1.694999999999999929e+01,2.140350106776327976e+00,-3.030961674736001754e+00,2.285947079794850456e+00,9.670816892013061050e-01,6.660638383590015144e-01,-1.394142953477139901e-01,9.534322521519948967e-01,3.641647147823335196e-04,-1.163688340641612752e-03,3.016047973257075521e-01,-2.916983406948061089e-02,2.329259177512940995e-02,-1.554999157990824684e-03,-1.036876974623777677e-03,2.173747388391503654e-04,-1.902198713117997519e-05
1.700000000000000000e+01,2.186066615548713621e+00,-2.995494630067042863e+00,2.278408050550631003e+00,9.545845060648943115e-01,6.812013335911681899e-01,-1.447341271074797930e-01,9.510172714760922741e-01,3.734049776307761157e-04,-1.177519163718996611e-03,3.091352832846976928e-01,-2.922983202026038785e-02,2.351317059192688588e-02,-1.534565980711539643e-03,-1.039354979246903763e-03,2.221142321237755857e-04,-2.370532218919275567e-05
1.705000000000000071e+01,2.231104080186892435e+00,-2.959777831153211469e+00,2.270789215113795390e+00,9.423482179589652841e-01,6.961355011642539337e-01,-1.497282662989589952e-01,9.485409940619846658e-01,4.121746308730945023e-04,-1.213421605381371235e-03,3.166517650416356688e-01,-2.924720630841233862e-02,2.364264925517031019e-02,-1.522918949582476728e-03,-1.044557703079024898e-03,2.274229891699990221e-04,-2.911856526308015988e-05
1.710000000000000142e+01,2.278786049621274845e+00,-2.924791505582010842e+00,2.263439853707220450e+00,9.311723221500206593e-01,7.113151434098375914e-01,-1.544168808517135671e-01,9.460086152692810391e-01,4.841808305994153264e-04,-1.201097223077914793e-03,3.241388942578186105e-01,-2.945408656053632307e-02,2.371650719743592650e-02,-1.521666562173506175e-03,-1.058088826919133208e-03,2.276969307419564575e-04,-3.288549272023076007e-05
1.715000000000000213e+01,2.322067645988584506e+00,-2.887920220552090633e+00,2.255339255676445553e+00,9.180982196648135307e-01,7.258398347767015535e-01,-1.592697347381197837e-01,9.434268813719853819e-01,4.877715777007856626e-04,-1.217751594226047264e-03,3.315780430979596849e-01,-2.943429372353770571e-02,2.375835927328046049e-02,-1.508422663146259625e-03,-1.055223028361374112e-03,2.273911819315830717e-04,-3.484778239174245792e-05
1.719999999999999929e+01,2.366313448745010817e+00,-2.851986368204682876e+00,2.247606123502244202e+00,9.055597687437535459e-01,7.410809792771059223e-01,-1.636747978435512119e-01,9.408006960979740096e-01,4.739776167685611288e-04,-1.177349378066462528e-03,3.389578726261249786e-01,-2.953863101296694271e-02,2.361032084620323310e-02,-1.506777186402385440e-03,-1.055424727031680420e-03,2.184093144526824822e-04,-3.164229094136388230e-05
1.725000000000000000e+01,2.406718327294421034e+00,-2.814323249960340334e+00,2.239385255212355652e+00,8.919867862894131916e-01,7.549003365539490584e-01,-1.679609958584344365e-01,9.381124596929368842e-01,4.827815143824173549e-04,-1.159904745314184731e-03,3.463285066405290546e-01,-2.941604992774351016e-02,2.343034107322325074e-02,-1.512854561394612980e-03,-1.054382481340954483e-03,2.128316122387445607e-04,-2.951172684877192807e-05
1.730000000000000071e+01,2.443615155226308122e+00,-2.775005398293377112e+00,2.230720780385241575e+00,8.774823670765272698e-01,7.675336397088698970e-01,-1.720590477825725828e-01,9.353799891267275957e-01,4.768961359153907407e-04,-1.159730783653779764e-03,3.536420556662740466e-01,-2.911673165015307360e-02,2.322617496251626334e-02,-1.511916528822094489e-03,-1.049033000245870378e-03,2.052016827838994497e-04,-2.521380897436840729e-05
1.735000000000000142e+01,2.483274106030107120e+00,-2.734277371774760823e+00,2.221771581091522396e+00,8.643693697237732065e-01,7.806301736190477403e-01,-1.764055890535299043e-01,9.325727071397569290e-01,5.263703116170907097e-04,-1.121249929834700933e-03,3.609800709608703140e-01,-2.896990021495917181e-02,2.325600541805253330e-02,-1.502040193733927180e-03,-1.053256445365145615e-03,1.988418145536087294e-04,-2.733529758700951014e-05
1.740000000000000213e+01,2.525092698991737272e+00,-2.691310117430794513e+00,2.212214219401984927e+00,8.533771674220114178e-01,7.929721812681318482e-01,-1.806393682100307374e-01,9.297268513632730436e-01,6.149642477256090853e-04,-1.036451227874085352e-03,3.682479184489175217e-01,-2.877826639841812514e-02,2.352768019147813416e-02,-1.484080497277385753e-03,-1.059930529280344973e-03,1.931744735936652651e-04,-2.831332820930410323e-05
1.744999999999999929e+01,2.563274773434978115e+00,-2.646928897491258148e+00,2.202009198817766134e+00,8.410793990776705975e-01,8.039834760208294240e-01,-1.850655009883037105e-01,9.268132406705589244e-01,6.901972447012779364e-04,-1.020556070952566459e-03,3.755205706892846829e-01,-2.840143045617360765e-02,2.381382733089392606e-02,-1.463642849637880258e-03,-1.061163377496947497e-03,1.933206720083001883e-04,-3.279120482934646191e-05
1.750000000000000000e+01,2.601688323953306625e+00,-2.603158216209005893e+00,2.192019697642142884e+00,8.287618563080195733e-01,8.150108071592373493e-01,-1.889019024548408421e-01,9.238283522886202581e-01,7.554052346816157292e-04,-1.000475563173725338e-03,3.828049162684197260e-01,-2.805310160146112439e-02,2.394038809924165304e-02,-1.460907065021501642e-03,-1.060631151862915069e-03,1.901677343533873820e-04,-4.164159559542415236e-05
1.755000000000000071e+01,2.634797979651979816e+00,-2.559050930214021857e+00,2.181569916006386833e+00,8.136724405133847204e-01,8.251714731363648525e-01,-1.928630567132126605e-01,9.207722657114780773e-01,7.975446746607485655e-04,-1.053534692488528827e-03,3.900983064353072405e-01,-2.767357648506451467e-02,2.407931284508670403e-02,-1.440904262286334375e-03,-1.059056200882856633e-03,1.953315064663757052e-04,-4.942291723043420597e-05
1.760000000000000142e+01,2.689148660398283930e+00,-2.521189512392277621e+00,2.173337852983138863e+00,8.056687532739019719e-01,8.416224013575466234e-01,-1.957432032564873636e-01,9.176806939948672914e-01,7.889594566852219668e-04,-9.783962934108362923e-04,3.973167051015694673e-01,-2.818355060073379076e-02,2.394445751589439897e-02,-1.493901193251543193e-03,-1.060846400970535909e-03,1.921343921999886322e-04,-5.066393834939192094e-05
1.765000000000000213e+01,2.739878452873792725e+00,-2.482200273695741366e+00,2.164974352396911605e+00,7.960790510890450866e-01,8.573912190324094462e-01,-1.985215035238700187e-01,9.145298558738026440e-01,8.119947997815771387e-04,-9.036194206470005586e-04,4.045165841493144621e-01,-2.865486370869962246e-02,2.376001034942193391e-02,-1.545923192414370290e-03,-1.067475433677151937e-03,1.875034447347893570e-04,-5.223603701882724578e-05
1.769999999999999929e+01,2.784909206928898318e+00,-2.440488130633686747e+00,2.155856003508950014e+00,7.847849072919419466e-01,8.713025868747884539e-01,-2.013132928229152685e-01,9.113148012710011736e-01,8.521036410586040923e-04,-8.800082050266238741e-04,4.117084314042399051e-01,-2.886055731036837185e-02,2.365845923092451883e-02,-1.585520642329006592e-03,-1.071931347804545073e-03,1.858234089503393578e-04,-5.736581919296194300e-05
1.775000000000000000e+01,2.824751193832641949e+00,-2.397411646482269454e+00,2.146262757292006995e+00,7.717473306121087617e-01,8.839126736663435180e-01,-2.040494293469067577e-01,9.080496412441568799e-01,8.166905845530351158e-04,-8.817073479642151875e-04,4.188608416228467024e-01,-2.886627422180433264e-02,2.351339656828499089e-02,-1.613057732815981714e-03,-1.066881141230039808e-03,1.830401460475779307e-04,-6.071861098349290854e-05
1.780000000000000071e+01,2.864845882924879295e+00,-2.354586718419660940e+00,2.136853319109735860e+00,7.584157588877986633e-01,8.965755247399801453e-01,-2.064190688651428296e-01,9.047206994771760380e-01,8.200006770538307340e-04,-8.695900060569488341e-04,4.260035532124588631e-01,-2.895174128068975228e-02,2.328180222036528579e-02,-1.656049882670318930e-03,-1.065721468026745774e-03,1.792641845070532956e-04,-6.506762250031371232e-05
1.785000000000000142e+01,2.908024421756646660e+00,-2.311553213018465502e+00,2.127926202002851319e+00,7.463031306855490987e-01,9.104756485176865866e-01,-2.081786275723790103e-01,9.013272966041759870e-01,8.363040589747819343e-04,-7.968127705958272071e-04,4.331371261865431532e-01,-2.920352875054030642e-02,2.303408024514008029e-02,-1.722029728990667665e-03,-1.069837226406925891e-03,1.704729111472699820e-04,-6.922154902550883284e-05
1.790000000000000213e+01,2.949675504459946751e+00,-2.267875938540258929e+00,2.118900793849253006e+00,7.336013851485057025e-01,9.238837713351250036e-01,-2.095832154900403033e-01,8.978801154460432921e-01,8.570790513236983951e-04,-7.438148853854728137e-04,4.402385835447823470e-01,-2.941230000973521497e-02,2.277140774529678308e-02,-1.800133387523525190e-03,-1.073118861578179536e-03,1.645101519720023199e-04,-7.357313232322228007e-05
1.794999999999999929e+01,2.988376963428883482e+00,-2.223460743479953372e+00,2.109703280347861476e+00,7.199118898145598910e-01,9.366518921512660967e-01,-2.109105963815958718e-01,8.944012712195225090e-01,8.192328783790619020e-04,-7.135307812530005322e-04,4.472641118759890788e-01,-2.952520790087435551e-02,2.244523384010945269e-02,-1.871186313441844471e-03,-1.068129909738230621e-03,1.549481723284405472e-04,-7.365911898245001217e-05
1.800000000000000000e+01,3.021125514011595570e+00,-2.177384856428143944e+00,2.100109934619136087e+00,7.050248106637142520e-01,9.472989363784256600e-01,-2.126144046956389977e-01,8.908388249327544584e-01,8.436276845388473783e-04,-6.390000526657191445e-04,4.543182452463163101e-01,-2.940363569307357511e-02,2.204392637926018070e-02,-1.906701152023644553e-03,-1.069738850038064008e-03,1.390014374631718677e-04,-7.910622784484680145e-05
1.805000000000000071e+01,3.060612620526428351e+00,-2.130505842419343487e+00,2.090635976079988634e+00,6.926988978674671893e-01,9.604064602496263925e-01,-2.137470257880047797e-01,8.872326854224250603e-01,7.885977733693877749e-04,-5.274925416882597423e-04,4.613212132378939900e-01,-2.947139535631003102e-02,2.176271593685118882e-02,-1.965221106297498216e-03,-1.064313674151082072e-03,1.199010960456667433e-04,-7.969259214761315144e-05
1.810000000000000142e+01,3.098806516531576349e+00,-2.083954188303100530e+00,2.081355028883137503e+00,6.795173343496466734e-01,9.733006984905669956e-01,-2.148290932660016639e-01,8.835724780851264004e-01,7.462653969661287761e-04,-4.258125947275565580e-04,4.682936447808150326e-01,-2.962807160534834672e-02,2.141024395292071003e-02,-2.029168076890402496e-03,-1.061958530184632958e-03,1.026619124789756102e-04,-8.125010543564817778e-05
1.815000000000000213e+01,3.131764006560035618e+00,-2.036874396877062843e+00,2.071798615353177109e+00,6.644384913274880011e-01,9.847307837993007906e-01,-2.158883146960884070e-01,8.798805776544406099e-01,6.962320472397034391e-04,-3.691853859590963987e-04,4.751942213764549505e-01,-2.964171073601136117e-02,2.101627463254181899e-02,-2.080813867722732143e-03,-1.055888997016143091e-03,8.670779091859650732e-05,-7.947334330820901235e-05
1.819999999999999929e+01,3.158126069628994337e+00,-1.989364242593764542e+00,2.062000767869956785e+00,6.471987689719095327e-01,9.939991350467793918e-01,-2.171146246939742452e-01,8.761327069138201695e-01,7.097716075279046025e-04,-3.305726266138435550e-04,4.820693589327841866e-01,-2.949103807762885193e-02,2.056592336091685527e-02,-2.111746478447588254e-03,-1.055792521314425497e-03,7.272385397974965562e-05,-7.715451719686507452e-05
1.825000000000000000e+01,3.186182886035936690e+00,-1.941604167622028587e+00,2.052448298735122467e+00,6.306144023706496959e-01,1.004080659250092600e+00,-2.180743551308798323e-01,8.723143188151880612e-01,7.157578468714832299e-04,-2.677259714282250944e-04,4.889449306450605603e-01,-2.947268636326002417e-02,2.012911690975592582e-02,-2.154492065137729017e-03,-1.059160772041785282e-03,5.787142192708325319e-05,-7.843458890267010649e-05
1.830000000000000071e+01,3.211556633567651975e+00,-1.892029614028386098e+00,2.042342401786807926e+00,6.138953987357854691e-01,1.012768354916247171e+00,-2.190705375126064391e-01,8.684164847913080632e-01,7.416395946081093780e-04,-2.152688792136277782e-04,4.958348642166353071e-01,-2.931641493288188877e-02,1.983675206226184415e-02,-2.179931985570115506e-03,-1.061758487034263716e-03,4.397678792378165386e-05,-8.434187587216626940e-05
1.835000000000000142e+01,3.241393171314243649e+00,-1.841240996606670732e+00,2.032125137989493346e+00,5.988117160418029439e-01,1.022899792616986270e+00,-2.197356754705954152e-01,8.644640601554134385e-01,7.194869787652685700e-04,-1.194983954250307319e-04,5.026940985910206550e-01,-2.927249861648337920e-02,1.966910706101271736e-02,-2.220913780352780798e-03,-1.058449430869105520e-03,2.944995250789704842e-05,-8.869071344677948473e-05
1.840000000000000213e+01,3.270768903497866198e+00,-1.789163186162740393e+00,2.021261202895327180e+00,5.839475389904265068e-01,1.032924204514701572e+00,-2.212325870595518995e-01,8.604762156376856153e-01,7.185821541231266407e-04,-1.734506534326579589e-05,5.094901035944500167e-01,-2.925341903900003510e-02,1.962154092567430785e-02,-2.209989805683250028e-03,-1.058678815972989660e-03,1.628614715745877473e-05,-9.199277094866181270e-05
1.844999999999999929e+01,3.299165703084802281e+00,-1.736169640507419842e+00,2.010293768346087528e+00,5.690566116281112752e-01,1.042787308852474393e+00,-2.222888103014208083e-01,8.564173770399315933e-01,6.652070465561147738e-04,8.663875250885714032e-05,5.162836684395076814e-01,-2.916767369368781712e-02,1.957640487142943073e-02,-2.206906083652745987e-03,-1.054291994821706518e-03,8.007390988141222952e-07,-9.742543568854437506e-05
1.850000000000000000e+01,3.329975265463236855e+00,-1.682028155359051480e+00,1.999123496544449319e+00,5.550007575402796656e-01,1.053447429415135916e+00,-2.233610617004011534e-01,8.522902532244439611e-01,6.196243732848455681e-04,2.015871252491414954e-04,5.230687332338648243e-01,-2.919260627013001499e-02,1.964742668399106426e-02,-2.205091793300502281e-03,-1.050217981553644127e-03,-1.277794669387306392e-05,-1.066700548900559407e-04
1.855000000000000071e+01,3.358657672812168205e+00,-1.628934631345492656e+00,1.988486288483895859e+00,5.399140422270619633e-01,1.063750947412984482e+00,-2.239296783972930527e-01,8.481389510418918531e-01,6.270587768748137189e-04,3.274681364822425297e-04,5.297733659664944916e-01,-2.928424178765139108e-02,1.957072396291803171e-02,-2.220753784308756185e-03,-1.055221868000117812e-03,-2.685173653066848357e-05,-1.082552023574480718e-04
1.860000000000000142e+01,3.372146314644593801e+00,-1.579843222791321722e+00,1.978592029983534673e+00,5.192895646485063965e-01,1.069143920795519787e+00,-2.233845566669449834e-01,8.439597561914703450e-01,6.042763553000180844e-04,2.837247345463853694e-04,5.364060815087717815e-01,-2.890316319825627159e-02,1.889582261397793062e-02,-2.265024319811819852e-03,-1.046153765632799318e-03,-4.043681429002122542e-05,-1.076497228441975287e-04
1.865000000000000213e+01,3.376911552527723792e+00,-1.530986572749220676e+00,1.968883547248850174e+00,4.979069919520118237e-01,1.070678780317769752e+00,-2.219999038734287722e-01,8.397280523818536624e-01,7.205103552270740452e-04,2.542990845097120936e-04,5.430066429057589517e-01,-2.819407890900292590e-02,1.814671274240538951e-02,-2.333413257842822507e-03,-1.047810377391051066e-03,-5.308432282232917999e-05,-1.052912380291517872e-04
1.869999999999999929e+01,3.373825338129566642e+00,-1.482189956244111650e+00,1.959088569128377699e+00,4.756556072204409791e-01,1.068846116488322950e+00,-2.204640760969913682e-01,8.354809609446696150e-01,8.761623405852136687e-04,2.113332323921361514e-04,5.495186544393094730e-01,-2.717088036777701859e-02,1.738441930427190099e-02,-2.396353139043063026e-03,-1.049776516583151350e-03,-6.419078925304370551e-05,-1.016629424355641487e-04
1.875000000000000000e+01,3.365513891418737913e+00,-1.432790224880470697e+00,1.949378717213055001e+00,4.541224710817914900e-01,1.064527459630308481e+00,-2.183994211674108177e-01,8.312296390863375128e-01,1.108746722038912898e-03,1.685491249766886814e-04,5.559280793198847492e-01,-2.590872374275382181e-02,1.669396484133862935e-02,-2.471885429555843207e-03,-1.057236814019300126e-03,-7.521421899112795423e-05,-9.816704618811986777e-05
1.880000000000000071e+01,3.349990618371271101e+00,-1.383790706323875241e+00,1.939733717217440923e+00,4.321850871921873449e-01,1.057174051267276260e+00,-2.163986160562481609e-01,8.270166595009111887e-01,1.384833253888881951e-03,1.313521309968192121e-04,5.621756930812914499e-01,-2.440748320386490477e-02,1.601489054002180543e-02,-2.527904877306440690e-03,-1.066097472833553135e-03,-8.773193025120284148e-05,-9.509064813760967588e-05
1.885000000000000142e+01,3.336134227329768720e+00,-1.335064855918789650e+00,1.930255008580701093e+00,4.100888576419158826e-01,1.050802921092069298e+00,-2.143135216657752473e-01,8.227626794230694651e-01,1.580295117862707882e-03,1.009961344734132735e-04,5.683828514440708579e-01,-2.303005977496147549e-02,1.549864840341209395e-02,-2.593979180066708235e-03,-1.066612130995379243e-03,-1.015525197873900430e-04,-8.778998069459432172e-05
1.890000000000000213e+01,3.326101623098741022e+00,-1.286063926157395843e+00,1.920936401224145218e+00,3.890768980328276894e-01,1.045986651795795641e+00,-2.119958943970885745e-01,8.184937732843426961e-01,1.710204301153121212e-03,7.093428283824367963e-05,5.745128486503454646e-01,-2.183520707071081104e-02,1.509321803900903237e-02,-2.672747454562247275e-03,-1.063388317697117058e-03,-1.147620643338387628e-04,-7.893428653585511526e-05
1.894999999999999929e+01,3.318993038755751801e+00,-1.237024714609085585e+00,1.911380847159020568e+00,3.688477375759297017e-01,1.042438455877358283e+00,-2.105800986107230210e-01,8.141545646127514857e-01,1.823741582031400757e-03,5.093985195592492382e-05,5.806453446743498059e-01,-2.079187594061242261e-02,1.468929130661099890e-02,-2.700054447356536706e-03,-1.060516676516494363e-03,-1.264343975903653645e-04,-7.284849690481158665e-05
1.900000000000000000e+01,3.322750859754675989e+00,-1.185025885298123915e+00,1.900711969741760266e+00,3.517385657595060167e-01,1.042743577059817461e+00,-2.105797118337292273e-01,8.098477192587998363e-01,1.852608254924958909e-03,7.881892087924845616e-05,5.866372245617829106e-01,-2.009673813857282276e-02,1.446074343882724003e-02,-2.645007155772942289e-03,-1.054197039961239169e-03,-1.409492702855155895e-04,-6.368727094669711440e-05
1.905000000000000071e+01,3.328704399882441489e+00,-1.131429961784796712e+00,1.889579823642398182e+00,3.354750984290980620e-01,1.044326025733625540e+00,-2.108060697050870569e-01,8.053918932060550873e-01,1.887194903842147635e-03,1.532822617503418877e-04,5.927396674408668131e-01,-1.950856023805193351e-02,1.447911101863259657e-02,-2.569183243408717718e-03,-1.050978837412977441e-03,-1.541518063232202374e-04,-6.085562592421079703e-05
1.910000000000000142e+01,3.332979809641748226e+00,-1.077806631857556985e+00,1.878184517417713639e+00,3.191605864713227270e-01,1.045041374107988696e+00,-2.111684832419765401e-01,8.008719995923908597e-01,1.925064170651048399e-03,1.891006870885142193e-04,5.988324462132579296e-01,-1.886662994313153055e-02,1.458756210347592411e-02,-2.483196608791562315e-03,-1.044370630714756658e-03,-1.628525489542140140e-04,-6.006611195405124452e-05
1.915000000000000213e+01,3.337913766244989588e+00,-1.025155767187344136e+00,1.866890633009256062e+00,3.018626946363485719e-01,1.045799763248581371e+00,-2.112500839110761364e-01,7.962107882140092574e-01,1.936290694722499163e-03,1.742583884202699850e-04,6.050161990756822705e-01,-1.835059966897795505e-02,1.471189924807212585e-02,-2.408102138371923367e-03,-1.037078627891950544e-03,-1.663045511193629675e-04,-5.848606265732805181e-05
1.920000000000000284e+01,3.344528722521201036e+00,-9.726437773296042755e-01,1.855986265590509054e+00,2.853520188154165527e-01,1.046858017814312314e+00,-2.109603622743374818e-01,7.915070679019685640e-01,2.037188666535911206e-03,2.060934825354503381e-04,6.111565829221198287e-01,-1.799657500609537497e-02,1.480866320025439956e-02,-2.354931668333444788e-03,-1.041962106419543760e-03,-1.700089873722055920e-04,-5.668192512988587384e-05
1.925000000000000000e+01,3.350423973196594130e+00,-9.213562824107294214e-01,1.845168829241764952e+00,2.677002821265557775e-01,1.047546663528249544e+00,-2.106255201106149444e-01,7.867224076832042279e-01,2.093491356162442262e-03,1.848755869397899641e-04,6.173033584584659561e-01,-1.770281960933181575e-02,1.479801042280783595e-02,-2.286515541266890064e-03,-1.043841975578994755e-03,-1.721088474296215650e-04,-5.530601091993296939e-05
1.930000000000000071e+01,3.355690001162787262e+00,-8.700854575471348440e-01,1.834536736790813860e+00,2.503745372269284286e-01,1.047942914207480758e+00,-2.097062507892689665e-01,7.818927187787139133e-01,2.194610544721864454e-03,1.879156600751451830e-04,6.234091150224647659e-01,-1.742268835676575797e-02,1.480491488675103086e-02,-2.242800664082886426e-03,-1.049536188006499043e-03,-1.724780447756161822e-04,-5.224578225085982336e-05
1.935000000000000142e+01,3.362241886690309656e+00,-8.186294838227143877e-01,1.824260443750324923e+00,2.330865114235063928e-01,1.049001147116378707e+00,-2.079031564612605909e-01,7.769806442021308657e-01,2.263479779558422687e-03,2.051425689671181388e-04,6.295203833960070217e-01,-1.722207408684110069e-02,1.479831795278637070e-02,-2.236972770261712751e-03,-1.052354937046880764e-03,-1.753801805759060801e-04,-5.172165167699949493e-05
1.940000000000000213e+01,3.366901632338606287e+00,-7.670952938079056427e-01,1.813999328302140723e+00,2.164293921285034006e-01,1.048951473918004362e+00,-2.060540067373844708e-01,7.720070532550482589e-01,2.346312361121366454e-03,2.348894010835932383e-04,6.356095887962441848e-01,-1.693881952184241382e-02,1.475989061287708883e-02,-2.223497924581496928e-03,-1.057227919842563656e-03,-1.782359894698741488e-04,-5.333159535809123790e-05
1.945000000000000284e+01,3.373657026845555684e+00,-7.141872295150366590e-01,1.803707950952791572e+00,2.001524006819754287e-01,1.050273653264774509e+00,-2.040551225493180409e-01,7.669658398530605492e-01,2.340419425526269002e-03,2.638328481857975076e-04,6.416836084299102350e-01,-1.670734342792392149e-02,1.477397450847761119e-02,-2.220166987322292045e-03,-1.053615903780105809e-03,-1.862045146760566100e-04,-6.044032290497670750e-05
1.950000000000000000e+01,3.380055153422063530e+00,-6.620061770902494480e-01,1.793935800816696124e+00,1.833523516048180257e-01,1.051558851801791539e+00,-2.016137775968215862e-01,7.618870394601818807e-01,2.333624259939652123e-03,2.967565041051316234e-04,6.477056470619891870e-01,-1.655418701649804397e-02,1.473289286014873092e-02,-2.236409872042309857e-03,-1.052018735103601738e-03,-1.942813728949381591e-04,-6.308470835079567070e-05
1.955000000000000071e+01,3.387543629086665398e+00,-6.106109519267334251e-01,1.784154376005256726e+00,1.657778974489443058e-01,1.053170893967706245e+00,-1.995607280508383818e-01,7.568078867827162659e-01,2.338167201928410995e-03,3.151421526114559966e-04,6.536331204605828615e-01,-1.656271702609509247e-02,1.463456446354241720e-02,-2.220627850102999904e-03,-1.052533752135773612e-03,-1.989276391399079651e-04,-5.612478845516920267e-05
1.960000000000000142e+01,3.396129319073828423e+00,-5.588933897570547149e-01,1.774460652842196451e+00,1.479374765119498281e-01,1.055411442162618840e+00,-1.974932103842693687e-01,7.516583955553362006e-01,2.364817277586721798e-03,3.207469824565267855e-04,6.595483008482355691e-01,-1.671624908702383852e-02,1.459959316743305278e-02,-2.206498839084031736e-03,-1.057931378189248817e-03,-1.971998555505741592e-04,-5.297381536827059137e-05
1.965000000000000213e+01,3.406260108616169013e+00,-5.050927923613997006e-01,1.764318694362675188e+00,1.311855571049481695e-01,1.058227687066824574e+00,-1.955144945202287876e-01,7.464247506579898550e-01,2.390257312673796375e-03,3.404934519913525295e-04,6.654654478929361572e-01,-1.688100075768264249e-02,1.465293653240904055e-02,-2.179301538661857114e-03,-1.061818341274979594e-03,-1.950165821593839634e-04,-5.601878523450122598e-05
1.970000000000000284e+01,3.414637742484257554e+00,-4.510292512620588945e-01,1.754269328179052456e+00,1.146389353066994132e-01,1.060413398542660479e+00,-1.934201187966287927e-01,7.411168418257781942e-01,2.399461818973985718e-03,3.691141610642749578e-04,6.713716802933378247e-01,-1.697589569837924459e-02,1.466105033013296276e-02,-2.148048361398939479e-03,-1.063691416801281061e-03,-1.961711527816982113e-04,-6.370204893140881861e-05
1.975000000000000000e+01,3.422670293324697077e+00,-3.962661075316354919e-01,1.744376706232040997e+00,9.871671917041111022e-02,1.062808839810326589e+00,-1.908846371167874922e-01,7.357648839753424541e-01,2.444578939694260107e-03,4.214539415552657933e-04,6.772325168796413664e-01,-1.710456278312369113e-02,1.477787003153603618e-02,-2.139851744674989981e-03,-1.071335476491884009e-03,-1.968825425585688221e-04,-7.306545981010590372e-05
1.980000000000000071e+01,3.430060346085769485e+00,-3.406959752742785841e-01,1.734051631632846036e+00,8.304036132717881880e-02,1.064894536243469858e+00,-1.884490510322474055e-01,7.303687582542016665e-01,2.479944141371052437e-03,4.453718737123935740e-04,6.830484085971985087e-01,-1.715140118915523329e-02,1.496040114263513278e-02,-2.118349028899034481e-03,-1.071458129947944508e-03,-1.927049448234250675e-04,-7.842906549162743837e-05
1.985000000000000142e+01,3.437739318097215335e+00,-2.863716739252200050e-01,1.724139833204830552e+00,6.580926833246260321e-02,1.067010325849493180e+00,-1.863870302304481696e-01,7.249757049148328747e-01,2.481563815352503394e-03,4.235531742959310563e-04,6.887698379916037394e-01,-1.733412818023126814e-02,1.489529844754842319e-02,-2.062206397099272757e-03,-1.071222801516452314e-03,-1.899280185614664795e-04,-8.063006043256980195e-05
1.990000000000000213e+01,3.442579234729274518e+00,-2.323394262417544098e-01,1.714398994105967189e+00,4.883976936940325614e-02,1.067917343305670341e+00,-1.841741981207917211e-01,7.195237321642397044e-01,2.504726558652852798e-03,4.077782586391256038e-04,6.944632163867295871e-01,-1.742629052813114351e-02,1.486957311311146862e-02,-2.014851183474804588e-03,-1.071586061479916667e-03,-1.874236841084001210e-04,-8.493444194159247658e-05
1.995000000000000284e+01,3.448294905129864585e+00,-1.769188139252157177e-01,1.704377080132635225e+00,3.247843940360387038e-02,1.069280317878224862e+00,-1.818954774561012122e-01,7.140245501581001797e-01,2.529382107097540629e-03,4.399118752125102364e-04,7.001159550211814020e-01,-1.755580026571653893e-02,1.487574391712774384e-02,-1.951848016054796983e-03,-1.074671367771638580e-03,-1.873674723355096773e-04,-8.905630804741111576e-05
2.000000000000000000e+01,3.452030215057320994e+00,-1.215383252907853984e-01,1.694986252621745626e+00,1.577461180051187295e-02,1.070482784950514077e+00,-1.784838005730214616e-01,7.084725428744836906e-01,2.480102205169544202e-03,4.607263541352553068e-04,7.057338682656809636e-01,-1.764141522408507745e-02,1.502534606480467223e-02,-1.947087270634223922e-03,-1.070161075810138794e-03,-1.893399958339621509e-04,-9.446608097668934302e-05
2.005000000000000071e+01,3.454569165010092036e+00,-6.786780042668133506e-02,1.686523082374242977e+00,-1.851993136593905152e-03,1.071288731084233614e+00,-1.750833610952642894e-01,7.029555648990618577e-01,2.453920332327675421e-03,4.870042770763383013e-04,7.112293686844473051e-01,-1.781539889135276208e-02,1.495473427074753628e-02,-1.939492739945488904e-03,-1.071276504502695175e-03,-1.949343030115002913e-04,-9.243415014861445134e-05
2.010000000000000142e+01,3.454921877724188128e+00,-1.486614180723626159e-02,1.678447233202132960e+00,-1.946835733656650594e-02,1.071132401107305787e+00,-1.711748148055434737e-01,6.973799261917815739e-01,2.451130329220386345e-03,5.251294035319290562e-04,7.166972545949676920e-01,-1.796408594921300450e-02,1.491438441492742156e-02,-1.940121049665445097e-03,-1.074764703709554792e-03,-1.986678770846810071e-04,-9.277264278233104977e-05
2.015000000000000213e+01,3.455960818024334635e+00,3.807790240242721336e-02,1.670756539013269482e+00,-3.758769891053748841e-02,1.071385737906015656e+00,-1.672550414782555117e-01,6.917776756847591191e-01,2.383379873292275006e-03,5.550935827157008800e-04,7.221064040677704909e-01,-1.819428340297689697e-02,1.473634771166886306e-02,-1.935214621342504996e-03,-1.075086788668303678e-03,-2.073528932977557291e-04,-9.193608375752402369e-05
2.020000000000000284e+01,3.451393472246290894e+00,8.720850276138059076e-02,1.664548465819141398e+00,-5.678194010544877074e-02,1.069100177673431906e+00,-1.626530804638203764e-01,6.862024462044060691e-01,2.339093567995238071e-03,6.033893560561006926e-04,7.274066038919734245e-01,-1.833983806779737602e-02,1.438200953709085905e-02,-1.951337637351961392e-03,-1.079261713287990067e-03,-2.220751145360809139e-04,-8.650016652724754626e-05
2.025000000000000000e+01,3.442331168814515951e+00,1.350350620775339072e-01,1.658742256724778263e+00,-7.525430244763242627e-02,1.065045076939404423e+00,-1.575443257648578010e-01,6.805742399764707073e-01,2.337319500871308867e-03,6.616723754697648478e-04,7.326751005784676307e-01,-1.832329125457558480e-02,1.417534545502411279e-02,-1.990224766850430017e-03,-1.085234558825371202e-03,-2.351041489473279186e-04,-7.899658462251511260e-05
2.030000000000000071e+01,3.434570998691242938e+00,1.855308111609084987e-01,1.652333272823046650e+00,-9.267881587059766113e-02,1.062234638364964567e+00,-1.523362265561621909e-01,6.748577275580424084e-01,2.330419211799631893e-03,7.151101047929328243e-04,7.379438361549138792e-01,-1.829904101340058820e-02,1.421197560324314983e-02,-2.033708162390147293e-03,-1.088181291241631854e-03,-2.449715660672873601e-04,-7.060508896053563983e-05
2.035000000000000142e+01,3.425371189533775951e+00,2.356171045480834891e-01,1.645776921496316270e+00,-1.101885389800301707e-01,1.058618064617558030e+00,-1.474140656481432721e-01,6.691148574509560021e-01,2.312643771959525460e-03,7.257617533739278096e-04,7.431550527898254099e-01,-1.817784604568202164e-02,1.418179354769425089e-02,-2.054009126253732165e-03,-1.084510189981200594e-03,-2.520608764480859504e-04,-5.965530914239138417e-05
2.040000000000000213e+01,3.421451201215695903e+00,2.911978415978814794e-01,1.637801447157529733e+00,-1.262856902568186279e-01,1.058073560361663779e+00,-1.432496440283732297e-01,6.632530719209944747e-01,2.266868821616946361e-03,7.667620071082845981e-04,7.483913655094732720e-01,-1.815438003793961100e-02,1.422516191023510262e-02,-2.036516258567764789e-03,-1.079566869336005862e-03,-2.590565151319474822e-04,-5.766012201591186689e-05
2.045000000000000284e+01,3.414131114300979153e+00,3.443314005612765905e-01,1.630260944447403215e+00,-1.424130486174751131e-01,1.055239075451192443e+00,-1.391157171374850787e-01,6.573406289525727253e-01,2.285213192573948022e-03,7.880272990091356572e-04,7.535897122054390218e-01,-1.804807375901492858e-02,1.412210053052098159e-02,-2.004604639651314663e-03,-1.079222221940887884e-03,-2.619643481893797277e-04,-5.629611069505152497e-05
2.050000000000000000e+01,3.411582852969490265e+00,3.998229335208848823e-01,1.622510505452684937e+00,-1.592803757765912653e-01,1.054927824387213553e+00,-1.357043441466827260e-01,6.514442405947569181e-01,2.255619512069693879e-03,8.391600209285884340e-04,7.586926975969893183e-01,-1.821077054142110352e-02,1.384886602647261017e-02,-1.933368885864076084e-03,-1.079414051887740960e-03,-2.695061689244124129e-04,-4.939992373161658078e-05
2.055000000000000071e+01,3.406513130430469882e+00,4.538390376113754510e-01,1.614919912025919446e+00,-1.763118390328453911e-01,1.052728459667824801e+00,-1.322936975156762396e-01,6.454657257957058247e-01,2.269418958235183519e-03,8.139493022253748355e-04,7.637854306329416865e-01,-1.830962256697353865e-02,1.352885147407933628e-02,-1.855596837436479908e-03,-1.078522600265947786e-03,-2.692300038860655372e-04,-4.964626527964390609e-05
2.060000000000000142e+01,3.401845453949621678e+00,5.091536771947029472e-01,1.607055012815945760e+00,-1.930539846211482280e-01,1.051112675130171814e+00,-1.288991734793260846e-01,6.394540387282201532e-01,2.259367994408905018e-03,8.013482497749270994e-04,7.688255884473514934e-01,-1.842685865619297231e-02,1.327165460153555479e-02,-1.770874683912511014e-03,-1.077487515355820104e-03,-2.691975854841411947e-04,-4.624623961885197945e-05
2.065000000000000213e+01,3.395681474266580846e+00,5.651981177606483220e-01,1.599091052144572922e+00,-2.090588845617866454e-01,1.049131971518579620e+00,-1.252845553381231880e-01,6.333704600424506781e-01,2.272569945593382566e-03,8.036746620388209982e-04,7.738449779371151527e-01,-1.846810268821713619e-02,1.312704022744011836e-02,-1.693832348712250415e-03,-1.076269379465036790e-03,-2.677753500190136002e-04,-4.713300188123172659e-05
2.070000000000000284e+01,3.392775982407933544e+00,6.251972615359335794e-01,1.590012537235809154e+00,-2.245423194430146985e-01,1.049350602322732806e+00,-1.221905057978133619e-01,6.272342008638273070e-01,2.287175872089081304e-03,7.875505476359615691e-04,7.788269421748204024e-01,-1.858340629042614864e-02,1.306398578840930330e-02,-1.595745461584541398e-03,-1.071455700432411961e-03,-2.588311378604544999e-04,-4.773377594994593099e-05
2.075000000000000000e+01,3.388776311234226402e+00,6.856689006547006526e-01,1.580823119504872309e+00,-2.401004130996501340e-01,1.048849252644600272e+00,-1.190149465369884085e-01,6.210329136855481380e-01,2.323952024961364795e-03,7.283907279463081421e-04,7.837807019907874206e-01,-1.865665277085623575e-02,1.305691051050968457e-02,-1.499926523270189282e-03,-1.064780013223520999e-03,-2.452781642505571440e-04,-5.130092213477218700e-05
2.080000000000000071e+01,3.383944263407208553e+00,7.482587567897658332e-01,1.571505623615771174e+00,-2.544810188625889480e-01,1.049397551116728833e+00,-1.157288915208922603e-01,6.146757137978425822e-01,2.351884257676785557e-03,7.906301328539776675e-04,7.887760204339024916e-01,-1.870959312669553606e-02,1.319938686819820649e-02,-1.403975481904990103e-03,-1.064392994781016401e-03,-2.403327594352191402e-04,-6.118784272052013888e-05
2.085000000000000142e+01,3.376726949970742186e+00,8.091689745242707232e-01,1.562877014446130364e+00,-2.691042301248728896e-01,1.048405928838131107e+00,-1.121798719451727322e-01,6.082385630899294071e-01,2.378261412117103468e-03,8.216114135885020740e-04,7.937502876834997556e-01,-1.874496023639471431e-02,1.333610836583166114e-02,-1.318966772515446553e-03,-1.063804158059458759e-03,-2.343073265292979358e-04,-7.768539017245956648e-05
2.090000000000000213e+01,3.365666911623300450e+00,8.653590541071712883e-01,1.555726479439828003e+00,-2.843557944932331161e-01,1.044698672442587073e+00,-1.080757446452796228e-01,6.018605839658259793e-01,2.425879479588885241e-03,8.275755972194613749e-04,7.985970621632014765e-01,-1.875132833428623871e-02,1.328784885556881859e-02,-1.252095726520280946e-03,-1.063987105434032344e-03,-2.298865383846676320e-04,-8.754008391073280556e-05
2.095000000000000284e+01,3.354173412685800937e+00,9.202830635530210301e-01,1.548916370144840515e+00,-3.004475894255460022e-01,1.040274522503955357e+00,-1.040141118792496933e-01,5.955118030413983909e-01,2.434961592165925479e-03,7.712462120201549675e-04,8.033424976806017304e-01,-1.878778304887383788e-02,1.310802023298625503e-02,-1.178285229312387274e-03,-1.058543423951947013e-03,-2.247252341449838115e-04,-9.187623221842244187e-05
2.100000000000000000e+01,3.343818277735768341e+00,9.747990269919222239e-01,1.542869064160971027e+00,-3.173721606166318154e-01,1.036099326107382756e+00,-9.965530392163240991e-02,5.891517111860767875e-01,2.479391256036719664e-03,7.606117424323421798e-04,8.080182765849385218e-01,-1.903908175615277518e-02,1.276603199619488066e-02,-1.105658042137818440e-03,-1.063073993212927584e-03,-2.235679396652257933e-04,-9.659509127149964157e-05
2.105000000000000071e+01,3.330654091791259486e+00,1.026558020735296894e+00,1.537608124686401068e+00,-3.346079457510450772e-01,1.030203693289651445e+00,-9.510869749414521679e-02,5.827907998478477625e-01,2.509653994218515385e-03,7.175713519565049200e-04,8.126180347130439463e-01,-1.924286894065001252e-02,1.238159833300678768e-02,-1.043144428384006409e-03,-1.065256702181871344e-03,-2.222263622074317009e-04,-9.924470338277849540e-05
2.110000000000000142e+01,3.319032548370451252e+00,1.081290466231708658e+00,1.531599646207171483e+00,-3.517128478438076300e-01,1.025662474262440726e+00,-9.096006557077497556e-02,5.764020851913851384e-01,2.483748323521451848e-03,6.423550148448039327e-04,8.171621959937472868e-01,-1.946912965501270895e-02,1.205322693127581710e-02,-9.622839933957895399e-04,-1.060401564787579430e-03,-2.194922576377093760e-04,-9.826802524918527197e-05
2.115000000000000213e+01,3.304594370681750881e+00,1.133610197490906080e+00,1.526584457471610756e+00,-3.690960408856778230e-01,1.019840210166432337e+00,-8.587964886585826296e-02,5.700167999957533871e-01,2.488973939928147260e-03,5.475280987943716973e-04,8.216290847726294144e-01,-1.966086479598587108e-02,1.192283655719288647e-02,-9.286694000866370195e-04,-1.054696220233874906e-03,-2.119624746410654929e-04,-9.631712866243527223e-05
2.120000000000000284e+01,3.291700656804295466e+00,1.186649884000258393e+00,1.521378624366043431e+00,-3.869824941611312297e-01,1.013872190913226001e+00,-8.165225562109512669e-02,5.636007778201949092e-01,2.519448303471256458e-03,4.777345857776903550e-04,8.260433326347854655e-01,-2.000789446558931192e-02,1.146309880511395610e-02,-8.424165020728837218e-04,-1.057055413489835574e-03,-2.067943687206602859e-04,-9.423154573831583859e-05
2.125000000000000000e+01,3.277301305768078876e+00,1.240988406617999251e+00,1.515995872550431223e+00,-4.038572181339750711e-01,1.008342303521694738e+00,-7.726832401512991055e-02,5.571063432979975749e-01,2.548850797274000799e-03,4.448895028347158299e-04,8.304371304861538627e-01,-2.025317258090201730e-02,1.116423413925186903e-02,-7.645107239716416800e-04,-1.057839690227064611e-03,-2.023439561860741233e-04,-9.401439954483158459e-05
2.130000000000000071e+01,3.262691059916340564e+00,1.296949020767008021e+00,1.510355395150779101e+00,-4.202923748365878787e-01,1.003584719971042150e+00,-7.307946099731690848e-02,5.505689004968583600e-01,2.587543216977612401e-03,4.293412160666484271e-04,8.347856048662439798e-01,-2.048199464257673477e-02,1.087871970547640843e-02,-6.778650339849774187e-04,-1.059469825082253987e-03,-1.973217860700915904e-04,-9.237067768444995038e-05
2.135000000000000142e+01,3.247378625438686939e+00,1.352699413306619691e+00,1.504920382122468592e+00,-4.368104609565660046e-01,9.982146230853012892e-01,-6.868260406752312031e-02,5.439760377352367282e-01,2.650194163165626223e-03,3.918570081615182945e-04,8.390964743632610690e-01,-2.073711234682773172e-02,1.064945777189877686e-02,-5.996223680259419285e-04,-1.061305985699126939e-03,-1.876685744576707697e-04,-9.484663203389926322e-05
2.140000000000000213e+01,3.233129741462098750e+00,1.411920778721211800e+00,1.499144131471757513e+00,-4.533884081408668942e-01,9.951583932211407468e-01,-6.421917783193502316e-02,5.373235518851314785e-01,2.639176323264525413e-03,3.968364873952579083e-04,8.433719688599351505e-01,-2.104965889318607258e-02,1.056825697508433776e-02,-5.265440134516863714e-04,-1.060449913060099733e-03,-1.822361947328765878e-04,-9.684147628064588014e-05
2.145000000000000284e+01,3.215116835108726256e+00,1.468183475127945004e+00,1.494576883216411689e+00,-4.694097899770861004e-01,9.906139887222317197e-01,-5.890284394867393442e-02,5.305919520800270739e-01,2.618034407906480281e-03,4.055394121458148261e-04,8.476232428511683015e-01,-2.126786005951003533e-02,1.070041236626213636e-02,-5.018454037026115998e-04,-1.058559258675894222e-03,-1.790605778530130626e-04,-1.020068093009105604e-04
2.150000000000000000e+01,3.190156122545259265e+00,1.518393670619773594e+00,1.491237637937386618e+00,-4.837443400674272254e-01,9.820390538842903583e-01,-5.280812975151152888e-02,5.237395764929096975e-01,2.628829661174755198e-03,4.081948898850241915e-04,8.518742739668642150e-01,-2.115571222175865324e-02,1.094715590257788404e-02,-5.057472812792260068e-04,-1.053790900968561020e-03,-1.763629501786159401e-04,-1.125713177646230762e-04
2.155000000000000071e+01,3.167270860632137364e+00,1.572161920229982357e+00,1.487395527815974727e+00,-4.982099353906734862e-01,9.758107051477008520e-01,-4.721296648775450550e-02,5.168943485578767483e-01,2.619895257854617122e-03,4.319754736544805700e-04,8.560450817421687564e-01,-2.115391699883263296e-02,1.119618453504709482e-02,-4.863430159142324719e-04,-1.050593469411306973e-03,-1.744773919895873857e-04,-1.199053164799293380e-04
2.160000000000000142e+01,3.147600600475136456e+00,1.631398889562301946e+00,1.482607548790031871e+00,-5.128133936884810007e-01,9.721223450075214823e-01,-4.225875075588407526e-02,5.100049014508915013e-01,2.638293569030498824e-03,4.658156442885466792e-04,8.601673226290891261e-01,-2.132165540386761482e-02,1.136692418904022492e-02,-4.325829893153659974e-04,-1.050062761421940733e-03,-1.675879812392376696e-04,-1.290091766025454919e-04
2.165000000000000213e+01,3.128595561817784532e+00,1.693245356835650695e+00,1.477227765848921015e+00,-5.280285812973337656e-01,9.691767587153683472e-01,-3.806740331010892431e-02,5.029916558935311199e-01,2.623675896793251864e-03,4.773963781427916506e-04,8.642871528137916481e-01,-2.153234765354565192e-02,1.135651385287509557e-02,-3.376697057281956315e-04,-1.045973197016515253e-03,-1.608542568176525816e-04,-1.460198835095652035e-04
2.170000000000000284e+01,3.109461349786212025e+00,1.755879382782439713e+00,1.471964793861513465e+00,-5.434347227099706190e-01,9.666341147051493721e-01,-3.370810982564990954e-02,4.959234031922371555e-01,2.652011352629393692e-03,4.996539101345616506e-04,8.683620761801987831e-01,-2.183475458048992138e-02,1.149458259989216691e-02,-2.556787684017720213e-04,-1.047191499754767567e-03,-1.482606335926838458e-04,-1.644830032220323318e-04
2.175000000000000000e+01,3.085579758012893414e+00,1.814888437096927598e+00,1.467842568649589508e+00,-5.575034478365845647e-01,9.624392703426377649e-01,-2.873411248494411527e-02,4.887661419966700116e-01,2.673386878203394372e-03,5.772428021185191209e-04,8.724105560061947706e-01,-2.194989096440297036e-02,1.175330326518254920e-02,-2.007928060295616831e-04,-1.050275969067970654e-03,-1.421152234123427476e-04,-1.846065336509542377e-04
2.180000000000000071e+01,3.057199297085519962e+00,1.867338060085021345e+00,1.465601173944559132e+00,-5.707073544106875396e-01,9.549816704870153217e-01,-2.258291976475337859e-02,4.816806599128776178e-01,2.702330282460547323e-03,6.501468261878547757e-04,8.763424083005703080e-01,-2.188678555151237978e-02,1.200246970845589983e-02,-1.914344358475361869e-04,-1.052439517353211769e-03,-1.409473759293523626e-04,-2.004219154716878207e-04
2.185000000000000142e+01,3.029544885197609894e+00,1.920925379029311486e+00,1.463389738389097472e+00,-5.845197412849614249e-01,9.481064354826038709e-01,-1.695807856891217574e-02,4.746065790393044215e-01,2.671018906542112041e-03,6.858960311249524084e-04,8.801937231866878708e-01,-2.188664668525229853e-02,1.215826318253704526e-02,-1.693645454306600827e-04,-1.050329996133527897e-03,-1.412636123361561788e-04,-2.150782020674848723e-04
2.190000000000000213e+01,3.000075587992518944e+00,1.971165149863544297e+00,1.462251243166464043e+00,-5.980688522175037214e-01,9.395681978615008090e-01,-1.078041467702741535e-02,4.675078590247921384e-01,2.653423825135855715e-03,7.168547033999888131e-04,8.839846419544818978e-01,-2.186756359853512036e-02,1.235312390087394720e-02,-1.732545513210107272e-04,-1.048350430023986665e-03,-1.414135641446760249e-04,-2.312637839018250963e-04
2.195000000000000284e+01,2.968331923991134769e+00,2.017792813349978953e+00,1.462252431604610381e+00,-6.111063117277977241e-01,9.294830028483747064e-01,-3.856961085983884839e-03,4.604267877609095061e-01,2.646310568827966309e-03,7.365605254839361314e-04,8.876934311073481076e-01,-2.177978101637162434e-02,1.263493374251667932e-02,-2.101160377245150728e-04,-1.046265259609120658e-03,-1.418365907130890685e-04,-2.460795456206702403e-04
2.200000000000000000e+01,2.933348482954654557e+00,2.058566905479477516e+00,1.463766635979269148e+00,-6.231061761578231550e-01,9.169614444235711925e-01,4.074752222016028019e-03,4.533305347201370128e-01,2.646361934458442769e-03,7.513205923305045063e-04,8.913382402748319944e-01,-2.156917815896051971e-02,1.309944838529321018e-02,-2.897690434634078369e-04,-1.042583226873853826e-03,-1.424952319131842101e-04,-2.602625028735489369e-04
2.205000000000000071e+01,2.895765885063000145e+00,2.093571923362265164e+00,1.466805329118469503e+00,-6.348140224932818931e-01,9.019742491200106738e-01,1.236002549726462202e-02,4.462321249987808436e-01,2.617771208289454334e-03,7.439633276792661457e-04,8.949131155657181758e-01,-2.126939038250278552e-02,1.355426054163804198e-02,-3.904634674848646942e-04,-1.036842779936351239e-03,-1.477721316389858251e-04,-2.716839753051686519e-04
2.210000000000000142e+01,2.855398114745552718e+00,2.122751489506264022e+00,1.471246316691390277e+00,-6.457762557887888333e-01,8.846318563768906795e-01,2.106422521167239728e-02,4.391194970382520935e-01,2.581756603141804017e-03,7.349257208973953692e-04,8.984246555710163618e-01,-2.086545993785849165e-02,1.402375488115822390e-02,-5.051451804680247770e-04,-1.031652195478530805e-03,-1.564231234908938241e-04,-2.788977567186951478e-04
2.215000000000000213e+01,2.816100607364671493e+00,2.152821533803594534e+00,1.475605976226612936e+00,-6.569484185186712510e-01,8.672852871904144223e-01,2.900799084728538854e-02,4.319470534534046724e-01,2.535134236866270607e-03,7.564133765704239825e-04,9.018950847776732171e-01,-2.056141923354543738e-02,1.419424262518992341e-02,-5.753537638419189883e-04,-1.029717773500253087e-03,-1.692556129413666803e-04,-2.849629984731338037e-04
2.220000000000000284e+01,2.781703546383014203e+00,2.191246868755157173e+00,1.478306002431237332e+00,-6.701357336024923450e-01,8.531414319217582864e-01,3.569563512561076124e-02,4.246964762051538833e-01,2.519952922871554566e-03,7.420607948798128026e-04,9.053319845680745104e-01,-2.058798402530456761e-02,1.399469465335648373e-02,-5.763255769305833127e-04,-1.030662593652715859e-03,-1.763925750527208154e-04,-2.929487152904162680e-04
2.225000000000000000e+01,2.745329341180556160e+00,2.226861173967177088e+00,1.481547068981487802e+00,-6.824663228749001664e-01,8.380416427314955063e-01,4.241847761855917220e-02,4.174910383484198850e-01,2.467522445740582670e-03,6.925788459853157719e-04,9.086774260243730694e-01,-2.045372776386793559e-02,1.399808125752971012e-02,-5.976420122256634153e-04,-1.022778538434785485e-03,-1.828902899748758497e-04,-2.987717961704174931e-04
2.230000000000000071e+01,2.708886399034532655e+00,2.261824482210482046e+00,1.485354268930342503e+00,-6.949224643867263351e-01,8.232438809639835986e-01,4.940924856490615941e-02,4.102228760055356971e-01,2.441449607156484861e-03,6.942187510767706829e-04,9.119817703144554866e-01,-2.042684842722158889e-02,1.406112699428415519e-02,-6.266657619567895382e-04,-1.021692791211239581e-03,-1.879496567202725086e-04,-3.054567066264515362e-04
2.235000000000000142e+01,2.674218128651873805e+00,2.300506771848563670e+00,1.488707520388085292e+00,-7.087974625729283051e-01,8.098549949793472091e-01,5.574732342208647828e-02,4.029205976900898101e-01,2.396937363142268018e-03,6.519360298302205288e-04,9.152315672155058035e-01,-2.055450390400835950e-02,1.395104503449517974e-02,-6.285292683603265406e-04,-1.019304515579357593e-03,-1.947734750249756266e-04,-3.117039456691153153e-04
2.240000000000000213e+01,2.639901688903079080e+00,2.341977870846638332e+00,1.491767143472838564e+00,-7.229341362652877967e-01,7.975399157472196077e-01,6.142240853654985788e-02,3.955953024438771948e-01,2.296687118485952334e-03,6.470725821171035988e-04,9.184218329339142173e-01,-2.072666363544702767e-02,1.362451827374016981e-02,-6.006253949625024041e-04,-1.017420209552921022e-03,-2.080930244844657665e-04,-3.171175868761728282e-04
2.245000000000000284e+01,2.604286608378540091e+00,2.381551678726860466e+00,1.495281418039669408e+00,-7.366602607150174453e-01,7.844224421582212115e-01,6.727028713442534391e-02,3.882868728210292497e-01,2.215219951285826196e-03,6.585095713887787871e-04,9.215356550674409508e-01,-2.086730695402310570e-02,1.329570386169360435e-02,-5.719492855227146112e-04,-1.017472554691138892e-03,-2.213348774997813935e-04,-3.194918089022154815e-04
2.250000000000000000e+01,2.568642650891920010e+00,2.422554650122626274e+00,1.498493286975235206e+00,-7.502410733044998503e-01,7.716994071190200755e-01,7.267248234674400509e-02,3.809688433894705129e-01,2.157750796568730627e-03,6.656744919178201681e-04,9.245851185020553809e-01,-2.102820198566460880e-02,1.292738396028715077e-02,-5.294696317947279393e-04,-1.018278726323477556e-03,-2.311256979082364855e-04,-3.236341933630420479e-04
2.255000000000000071e+01,2.531628116191144251e+00,2.463020336088260986e+00,1.501855491709858992e+00,-7.625818814427197667e-01,7.591580641901485293e-01,7.802567866304245536e-02,3.736506511458833057e-01,2.144164538391283865e-03,7.064587450705175214e-04,9.275667600624396547e-01,-2.111130863341070113e-02,1.265282183240745012e-02,-4.921194768051336335e-04,-1.023120803294052129e-03,-2.376195754565507137e-04,-3.263597144773565883e-04
2.260000000000000142e+01,2.493200169999489013e+00,2.498969990671193298e+00,1.506016410753906909e+00,-7.741506099203887548e-01,7.443323246374213831e-01,8.336922532530048613e-02,3.662792360667395664e-01,2.142024290323061349e-03,7.640852697433868747e-04,9.305022026475842090e-01,-2.116653545344729381e-02,1.224308334154286006e-02,-4.466460548872484252e-04,-1.031204747675121226e-03,-2.459500879835132040e-04,-3.316596209945471161e-04
2.265000000000000213e+01,2.454431990457413892e+00,2.534961166195654592e+00,1.510274532591666219e+00,-7.856152871959595219e-01,7.296375839123189211e-01,8.869968832628483124e-02,3.589100186097800571e-01,2.130569833982455270e-03,8.271476351525690763e-04,9.333693668856394288e-01,-2.123401229910794330e-02,1.180858541448129122e-02,-3.958722671185365121e-04,-1.039087529727019147e-03,-2.551651753857583937e-04,-3.324362469068905222e-04
2.270000000000000284e+01,2.414972036674692735e+00,2.572092390950415641e+00,1.514559368447866650e+00,-7.969956864524855300e-01,7.160543595998232203e-01,9.421503720448093366e-02,3.515029895671291094e-01,2.113512594905897664e-03,8.615843585648611620e-04,9.361839771445967795e-01,-2.125328772006574232e-02,1.158145269957457958e-02,-3.635127109316828526e-04,-1.040513528088937885e-03,-2.626148882260239716e-04,-3.352207148158125585e-04
2.275000000000000000e+01,2.374671197651904375e+00,2.606583001696783253e+00,1.519263082410641230e+00,-8.077789597365289120e-01,7.010286292206412417e-01,9.947541938325059341e-02,3.440463408309859528e-01,2.092500196429891192e-03,8.636920133619596478e-04,9.389499405398793463e-01,-2.123946530547176845e-02,1.130250057152002927e-02,-3.271700344795084410e-04,-1.040117029423694509e-03,-2.691790266289251720e-04,-3.418912311704913154e-04
2.280000000000000071e+01,2.335759699949116364e+00,2.646292074185756960e+00,1.523773962013839967e+00,-8.208300102972404533e-01,6.889121383521388253e-01,1.047523149606073845e-01,3.366410620104026141e-01,2.018785495587530586e-03,8.938139008749238423e-04,9.416304588161651390e-01,-2.144398805157653187e-02,1.116546823560929554e-02,-3.011093107644673074e-04,-1.040451042449256312e-03,-2.757857444040064435e-04,-3.442820991064437629e-04
2.285000000000000142e+01,2.295798434539443988e+00,2.682645206986884023e+00,1.528957532169664013e+00,-8.330532766933091970e-01,6.753962655343191956e-01,1.100808663188866804e-01,3.291951572896881784e-01,1.959322057053919635e-03,9.267162802611201471e-04,9.442594191592849073e-01,-2.161753298659290987e-02,1.099201275908490497e-02,-2.765088778704111465e-04,-1.043118014547567791e-03,-2.836059983966783527e-04,-3.459403056685514356e-04
2.290000000000000213e+01,2.255475735987855668e+00,2.717937488643054511e+00,1.534366803595511808e+00,-8.456818964885577383e-01,6.611780458435473351e-01,1.150643081482557034e-01,3.217300352478135173e-01,1.871614947609765789e-03,9.052283708767636539e-04,9.468291620131507047e-01,-2.181896408061557643e-02,1.077652200322023850e-02,-2.484803942028386992e-04,-1.041418300973204593e-03,-2.913280815587348496e-04,-3.471830520204878924e-04
2.295000000000000284e+01,2.215713158404663208e+00,2.759501411112269320e+00,1.538928904831653677e+00,-8.595779728396053532e-01,6.493922546288593001e-01,1.194454353137088531e-01,3.142867801111264292e-01,1.822446462837280573e-03,9.191202603913262810e-04,9.493258943872844302e-01,-2.217092435242407761e-02,1.052523058666215636e-02,-1.985191808781374746e-04,-1.044041971493486678e-03,-2.940853797451297921e-04,-3.449088907952909365e-04
2.300000000000000000e+01,2.174800489006232684e+00,2.800056622697484787e+00,1.543702098732829597e+00,-8.729456794995829050e-01,6.372928805627764426e-01,1.239622527802967944e-01,3.068142759939982978e-01,1.768928709605084018e-03,9.242276241203947014e-04,9.517673122884594550e-01,-2.247719176845385317e-02,1.022808846382294336e-02,-1.440877392956451471e-04,-1.044983259678077198e-03,-2.989976360890043961e-04,-3.452147670306820711e-04
2.305000000000000071e+01,2.132775947837123098e+00,2.840114927880808882e+00,1.548597060738864162e+00,-8.859867705278586802e-01,6.248712693808132768e-01,1.283751315948874205e-01,2.993076543209535201e-01,1.689386852267520198e-03,9.175352467904163666e-04,9.541547212931573707e-01,-2.273817075914845443e-02,9.926226658220536903e-03,-8.746418060866963649e-05,-1.042174255402944331e-03,-3.039342741357482346e-04,-3.449435179194604729e-04
2.310000000000000142e+01,2.089914109118097940e+00,2.880570862011099909e+00,1.553756400591908005e+00,-8.993106522836886718e-01,6.131984344158960543e-01,1.326896693521089077e-01,2.917971266086516469e-01,1.623253510872520351e-03,9.320202364010583265e-04,9.564784018937663168e-01,-2.303632663225005719e-02,9.737798590010610447e-03,-3.903576576209938235e-05,-1.041920345678811312e-03,-3.081500928542508003e-04,-3.419431089889044787e-04
2.315000000000000213e+01,2.046299008356411431e+00,2.918880865768567201e+00,1.558799634276694546e+00,-9.119125548532698300e-01,5.995170103075947443e-01,1.364347744215732572e-01,2.842602485539731938e-01,1.581985299251124910e-03,9.115062937837301689e-04,9.587454185396782069e-01,-2.329273051977920339e-02,9.355648290282091162e-03,3.152812262708094815e-05,-1.039658120596744558e-03,-3.104380920804393137e-04,-3.389876726068037616e-04
2.320000000000000284e+01,2.002886325390450306e+00,2.959729191052749897e+00,1.563224824509233946e+00,-9.251886774341940844e-01,5.860573107695941086e-01,1.396423545848579917e-01,2.767484455836394242e-01,1.589314481646256173e-03,8.192435743568287970e-04,9.609407373956437848e-01,-2.365636947093376075e-02,8.916605873874149449e-03,1.251086918204730560e-04,-1.035293797382544172e-03,-3.043420739082162789e-04,-3.335645821309486496e-04
2.325000000000000000e+01,1.958740899434688432e+00,3.002293306518230231e+00,1.567735741637552138e+00,-9.392271083837285817e-01,5.738958148596945419e-01,1.426719638869775042e-01,2.692396459909276452e-01,1.567569426983088203e-03,7.585374354674217709e-04,9.630716382355626326e-01,-2.410075227632437964e-02,8.654172434564741737e-03,2.093179955687210925e-04,-1.034211743857845270e-03,-2.963348341072453355e-04,-3.278857507636499607e-04
2.330000000000000071e+01,1.912978746942342045e+00,3.045642165123966016e+00,1.572164146089283454e+00,-9.530929336021708442e-01,5.621073023341738306e-01,1.454609805436833381e-01,2.616726864669315922e-01,1.551440943414463588e-03,7.198255529482083803e-04,9.651551585311821668e-01,-2.450269076472726126e-02,8.400059964024332235e-03,3.008810327216507687e-04,-1.032979421012254415e-03,-2.899922509807612231e-04,-3.256954216968826316e-04
2.335000000000000142e+01,1.866106731998731005e+00,3.086254824672973740e+00,1.576915812224655378e+00,-9.656456536840903881e-01,5.489879755145083973e-01,1.484071697526145039e-01,2.540044357609269055e-01,1.560575937130290712e-03,6.810121981076200891e-04,9.672015547128238744e-01,-2.484632438327492518e-02,8.154562503317216646e-03,3.880811862624482548e-04,-1.032948044188962931e-03,-2.816744906131162006e-04,-3.286491529481121599e-04
2.340000000000000213e+01,1.817579879766694884e+00,3.123494827983413824e+00,1.582286611087914574e+00,-9.767555118194177766e-01,5.355789824557265488e-01,1.516091919966641166e-01,2.463251253401035068e-01,1.619954644238256330e-03,7.197895439742074512e-04,9.691856325163642483e-01,-2.508069034579412521e-02,8.003930880635026085e-03,4.552693735485519619e-04,-1.037004128578929846e-03,-2.728724639661618350e-04,-3.297684747892029393e-04
2.345000000000000284e+01,1.768269136884967230e+00,3.158303944702968380e+00,1.588186862928850251e+00,-9.871851124850825610e-01,5.216280952191343356e-01,1.550453084355572220e-01,2.386490761767160462e-01,1.627153121554829459e-03,7.052618284004092460e-04,9.711042546598550596e-01,-2.524397619716231556e-02,7.934475134527503581e-03,5.063493936261773479e-04,-1.035524645924388101e-03,-2.674658414815661101e-04,-3.321119293856356221e-04
2.350000000000000000e+01,1.717627819866383687e+00,3.188189884388793249e+00,1.595331565264558549e+00,-9.963097929547471976e-01,5.075737233917830826e-01,1.592780488772392034e-01,2.309313622815500622e-01,1.623085504089672804e-03,7.447729925754319929e-04,9.729684048423274945e-01,-2.530078051513997769e-02,8.048150583662908378e-03,5.195391960948413882e-04,-1.037550763992711039e-03,-2.665748866667206219e-04,-3.344365675973368286e-04
2.355000000000000071e+01,1.666747072928379314e+00,3.220485909077557718e+00,1.602760980416669367e+00,-1.007005670581177181e+00,4.946448688137422001e-01,1.636754452402251481e-01,2.232022661287511034e-01,1.582120869579297902e-03,7.642359886906652982e-04,9.747705685092762362e-01,-2.545229550500152996e-02,8.310390874074896628e-03,5.114107770562119218e-04,-1.034608057017010700e-03,-2.631871481951616131e-04,-3.391847743336112524e-04
2.360000000000000142e+01,1.615738168386197326e+00,3.252298741521806313e+00,1.610603446556956975e+00,-1.017961870404144209e+00,4.814515970855144378e-01,1.678453374967495970e-01,2.154443321225408825e-01,1.507635923576823968e-03,8.074004795437185380e-04,9.765146260526054167e-01,-2.567856155345746641e-02,8.522368826726888988e-03,5.112570249282344858e-04,-1.035365123087894808e-03,-2.638412597139850289e-04,-3.470840398197812065e-04
2.365000000000000213e+01,1.563837146796052791e+00,3.282494400304647009e+00,1.618651613722146054e+00,-1.028407293902526165e+00,4.680400133361308779e-01,1.718673459405525294e-01,2.077782671599962827e-01,1.440274212829537916e-03,8.285739873040005822e-04,9.781745400343073715e-01,-2.583515741124667309e-02,8.773037355791003453e-03,5.089592338210476106e-04,-1.032239349949589389e-03,-2.620550227184379952e-04,-3.459210014827046489e-04
2.370000000000000284e+01,1.511425163402744909e+00,3.314822467821272323e+00,1.626235562947497382e+00,-1.039418979913992569e+00,4.544495386894478184e-01,1.752242940957537964e-01,2.000655138024959867e-01,1.370958432551830104e-03,7.825959362411513080e-04,9.797812501796102636e-01,-2.605247609724496705e-02,8.897475070687868928e-03,5.341361945593972897e-04,-1.025550334135349453e-03,-2.595603867762336417e-04,-3.489851213626093680e-04
2.375000000000000000e+01,1.457576283299887976e+00,3.342690947948440794e+00,1.634714317093373115e+00,-1.048789853871720412e+00,4.408290668839380810e-01,1.791569645979744496e-01,1.922741023832148233e-01,1.320306834765859558e-03,7.966385439448253917e-04,9.813400489685628614e-01,-2.611507977122834098e-02,9.161516589469566665e-03,5.320289055431156808e-04,-1.022870336229464569e-03,-2.584213958097812702e-04,-3.548388207241505942e-04
2.380000000000000071e+01,1.402964394350468824e+00,3.370111662072945879e+00,1.643518448825180611e+00,-1.058024338614335536e+00,4.272191431524581806e-01,1.830203910435807546e-01,1.844445075067960294e-01,1.281908392185499143e-03,8.010341862244101888e-04,9.828417668707826182e-01,-2.616527966767269800e-02,9.456965892256082723e-03,5.231517826552067223e-04,-1.018656548424915018e-03,-2.572484096597623445e-04,-3.638884792342722031e-04
2.385000000000000142e+01,1.348358472546490994e+00,3.396995659090553676e+00,1.652171084943311996e+00,-1.066871743446133225e+00,4.132111178920835348e-01,1.863913675397106673e-01,1.766412320116158563e-01,1.286500779394071300e-03,8.382275604572745394e-04,9.842741068644039748e-01,-2.626748593737369616e-02,9.705845748658270197e-03,5.294183634978233454e-04,-1.019254002719914608e-03,-2.494751463327561669e-04,-3.709157903033468351e-04
2.390000000000000213e+01,1.293558840535407040e+00,3.421384921736327911e+00,1.660859182956377245e+00,-1.073970701474712852e+00,3.977578605388228938e-01,1.893791061894315730e-01,1.687968273820100173e-01,1.308350748314519299e-03,8.876742916114953395e-04,9.856495986497632034e-01,-2.630758622459723403e-02,9.735445808568997036e-03,5.600157301971596521e-04,-1.021962373953883224e-03,-2.464161143966188123e-04,-3.805473821402348346e-04
2.395000000000000284e+01,1.239683934227144402e+00,3.440127739295555820e+00,1.669924598565572627e+00,-1.078923088368768379e+00,3.797073164070970397e-01,1.925022135431446180e-01,1.609395235632024856e-01,1.356943783733642649e-03,8.383722090984127269e-04,9.869629808614182043e-01,-2.622257334707063861e-02,9.647663013120939129e-03,5.843952530906729084e-04,-1.016969302005113355e-03,-2.440532289267916834e-04,-3.898317528047475096e-04
2.400000000000000000e+01,1.184630152661603875e+00,3.461567825181768754e+00,1.679096937748389085e+00,-1.085790597056351059e+00,3.633810905484495812e-01,1.955063055345656886e-01,1.530642042751524379e-01,1.335707159854742070e-03,7.685883775680977257e-04,9.882150446779807140e-01,-2.623839060386569041e-02,9.769518954266429370e-03,5.952672717207610356e-04,-1.008911653406666586e-03,-2.401044319641519381e-04,-3.998872832445021547e-04
2.405000000000000071e+01,1.128185885748860251e+00,3.487253132743065365e+00,1.688641283485228906e+00,-1.096664726089610742e+00,3.491494578059546883e-01,1.984723961436227757e-01,1.452352626075595066e-01,1.203492269903581055e-03,7.156175081130555261e-04,9.893961582668752142e-01,-2.647433375729832741e-02,1.014527783384185609e-02,5.871657865912264596e-04,-9.985391846101697097e-04,-2.398153733779279074e-04,-4.050564026415304610e-04
2.410000000000000142e+01,1.071959425154196843e+00,3.507729216355309099e+00,1.698467260631778997e+00,-1.104611710956873383e+00,3.336747012620913666e-01,2.015278013976103122e-01,1.373477459767532272e-01,1.127955532935357450e-03,6.945195107462102946e-04,9.905220048207259431e-01,-2.659611317784651291e-02,1.045171293228800563e-02,5.810898783526975610e-04,-9.938722384192418425e-04,-2.389941442742032299e-04,-4.138555160847008814e-04
2.415000000000000213e+01,1.016304404653302074e+00,3.523567463101159980e+00,1.708337027724256219e+00,-1.109124868840157818e+00,3.158460409002832314e-01,2.042111889779049672e-01,1.294812761066470308e-01,1.124209003897889319e-03,7.145187570340435579e-04,9.915809723642622364e-01,-2.654139886797115752e-02,1.041303359250811758e-02,5.982585693140614466e-04,-9.926967028057931061e-04,-2.399956169259797928e-04,-4.204591900650981890e-04
2.420000000000000284e+01,9.609576855380792537e-01,3.536060243479363763e+00,1.718505472700455394e+00,-1.112264934914837911e+00,2.974220808633126212e-01,2.072755659096493508e-01,1.216322366484138690e-01,1.152269305260932453e-03,6.658125021416636457e-04,9.925743438035583566e-01,-2.634893219142949231e-02,1.046590565581726265e-02,5.923526723116006882e-04,-9.838112463407457792e-04,-2.381051401778362555e-04,-4.269536435544752707e-04
2.425000000000000000e+01,9.057730030826675049e-01,3.547624392860924569e+00,1.728673275156781042e+00,-1.114989108519414795e+00,2.783858221916744036e-01,2.098488436116371925e-01,1.137686104596332681e-01,1.180269052560610227e-03,6.041497409342537353e-04,9.935063891300036643e-01,-2.618165055034193944e-02,1.039235178547466380e-02,6.091561709447713795e-04,-9.752312284380835680e-04,-2.379665363039213755e-04,-4.322695830064253539e-04
2.430000000000000071e+01,8.498033547976356905e-01,3.562442628452509918e+00,1.738963757915336084e+00,-1.120140217517562542e+00,2.602935297881525667e-01,2.118714324474815780e-01,1.058898642876496821e-01,1.158099745728974556e-03,5.753356218158572205e-04,9.943770232839473922e-01,-2.624671768422002019e-02,1.042379318318033959e-02,6.288974360277010392e-04,-9.714578548275839415e-04,-2.367332882441544953e-04,-4.396990343744719030e-04
2.435000000000000142e+01,7.936530876270605495e-01,3.577868879924615886e+00,1.748804111784913351e+00,-1.125376069042546057e+00,2.415705649332051674e-01,2.132790568445658841e-01,9.798322761461958352e-02,1.190072670995890279e-03,4.949850200891961266e-04,9.951872315414267423e-01,-2.638692355564178915e-02,1.038322092461138428e-02,6.642432869127112708e-04,-9.658602215541155743e-04,-2.290450725130743347e-04,-4.471407546636880451e-04
2.440000000000000213e+01,7.364259451106410781e-01,3.592303062657468793e+00,1.758985868141560438e+00,-1.130504335985681452e+00,2.235799960551556331e-01,2.150080970295044358e-01,9.007958165268850625e-02,1.195614265569943215e-03,4.279069365622517216e-04,9.959337610360731174e-01,-2.645874519710534473e-02,1.045962000287533819e-02,6.833970377069512525e-04,-9.593709876205127945e-04,-2.236785230569214740e-04,-4.548160329061202967e-04
2.445000000000000284e+01,6.784640909781393114e-01,3.606592504827347501e+00,1.769638660520076678e+00,-1.135804943601802730e+00,2.066959017594434123e-01,2.166309871044360402e-01,8.217821076725932705e-02,1.200752211062693173e-03,5.229310767342877858e-04,9.966167901517154482e-01,-2.660674763764880185e-02,1.052748622981406097e-02,7.012795136334950760e-04,-9.661032616445960203e-04,-2.220330189758857296e-04,-4.611027951493831497e-04
2.450000000000000000e+01,6.191810885869165615e-01,3.622551981134799259e+00,1.780224303012031495e+00,-1.141986188145767800e+00,1.908897019224031211e-01,2.181065611396481863e-01,7.427114262382421284e-02,1.187321346685833983e-03,5.968949378072856528e-04,9.972371991446189465e-01,-2.679554858838375381e-02,1.066153449750420652e-02,7.229644020202067147e-04,-9.721759051231677494e-04,-2.184485776478036878e-04,-4.690830689346751014e-04
2.455000000000000071e+01,5.609989735963230029e-01,3.633788324950725901e+00,1.790861485834531974e+00,-1.145190633570885019e+00,1.739412522928833749e-01,2.195809612224206842e-01,6.636121711733275474e-02,1.207421177622425203e-03,6.748572313856597170e-04,9.977947061217168345e-01,-2.681750522202251685e-02,1.071383176092284562e-02,7.393784309161813804e-04,-9.772950194231772459e-04,-2.163827075943762566e-04,-4.770763580718125952e-04
2.460000000000000142e+01,5.032976465556913137e-01,3.642843497904514116e+00,1.801519101575383308e+00,-1.147896811309770948e+00,1.561763787694583350e-01,2.207654969938940281e-01,5.845402160113246509e-02,1.243760431600076429e-03,7.148210337377921067e-04,9.982890710858919325e-01,-2.686866763761949425e-02,1.079397190772654093e-02,7.572110967609053164e-04,-9.802603099597761039e-04,-2.120860857062609921e-04,-4.824749723917404675e-04
2.465000000000000213e+01,4.457996879636866305e-01,3.650290511621643308e+00,1.811949705121310261e+00,-1.149109204598899980e+00,1.380260432145795912e-01,2.217365148008955955e-01,5.053766018578070840e-02,1.286424692755327049e-03,7.662122965397374832e-04,9.987210335890462920e-01,-2.683007454594512134e-02,1.078949607553135286e-02,7.867266879504433187e-04,-9.823469861754644677e-04,-2.090812836806643399e-04,-4.884122714495686864e-04
2.470000000000000284e+01,3.892181088957790691e-01,3.655104567502576618e+00,1.822169373640199153e+00,-1.148696035694909190e+00,1.188240345182469820e-01,2.224355916807149447e-01,4.265276717258805611e-02,1.372341724620448509e-03,7.757159323970319337e-04,9.990887129757316520e-01,-2.673615516371636441e-02,1.072700065490729375e-02,8.261662665510958970e-04,-9.832129023394995792e-04,-2.031472020363671131e-04,-4.912318284590771241e-04
2.475000000000000000e+01,3.321814173446058782e-01,3.659166751406169649e+00,1.832447500337499147e+00,-1.147886103715447748e+00,1.002403253969578606e-01,2.229707506973160891e-01,3.471276901204306542e-02,1.437643457798439732e-03,7.824170954843136933e-04,9.993959899220596910e-01,-2.658873871846491668e-02,1.065539588413109452e-02,8.661685931534899262e-04,-9.815882091970718100e-04,-1.998606045778872657e-04,-4.990471635625067133e-04
2.480000000000000071e+01,2.742262243617119011e-01,3.663364435019283771e+00,1.843059927361136108e+00,-1.148023776940726437e+00,8.225571048490880333e-02,2.233992497730941384e-01,2.675392651734541383e-02,1.449151362018754685e-03,8.046823078427636821e-04,9.996406753742156370e-01,-2.647748315509855163e-02,1.062889547943868078e-02,8.977851829064561594e-04,-9.795213182092539928e-04,-2.002859653745826254e-04,-5.077697021667769081e-04
2.485000000000000142e+01,2.173704869357533098e-01,3.665378202246653672e+00,1.853548642164026816e+00,-1.146930046152823346e+00,6.286284721778484519e-02,2.236116072127438681e-01,1.881222208591874778e-02,1.503248262209357306e-03,7.804775682569560459e-04,9.998215997864906557e-01,-2.639114675906805221e-02,1.049676202084883977e-02,9.298852201546992449e-04,-9.772460195833195321e-04,-1.967234584242197749e-04,-5.116686994472399892e-04
2.490000000000000213e+01,1.638979149287148607e-01,3.661863836194730215e+00,1.863965758191459265e+00,-1.143158413254454997e+00,4.029472509553526371e-02,2.237825927734291565e-01,1.083879584002987902e-02,1.542612510133745639e-03,6.948756065552736359e-04,9.999398271892531165e-01,-2.628847293219499850e-02,1.014788013294115089e-02,9.711714645091176420e-04,-9.717649588753439959e-04,-1.977913113858483711e-04,-5.120874511937682652e-04
2.495000000000000284e+01,1.104215690228469021e-01,3.657944908033700315e+00,1.874354873480980066e+00,-1.139483133815240690e+00,1.846433576755586795e-02,2.236233188823556206e-01,2.942928227213866682e-03,1.630068428037964590e-03,6.465958996043936081e-04,9.999941319648391058e-01,-2.623759329861638165e-02,9.929431998354672217e-03,1.010333252645034211e-03,-9.711593126151212658e-04,-1.937910239599877635e-04,-5.073721340263342679e-04
